lpi,fmde
6.907755,0
6.907755,0
6.907755,0
6.907755,0
6.109248,0
6.109248,0
6.109248,0
0,0
6.006353,0
6.006353,0
6.006353,0
6.006353,0
0,0
0,0
0,0
6.802395,0
6.802395,0
6.907755,8.294049
6.907755,8.294049
6.907755,8.294049
6.907755,8.294049
6.907755,8.294049
6.907755,8.294049
6.907755,8.294049
6.907755,8.294049
0,0
0,0
6.683361,7.376508
6.683361,7.376508
6.683361,7.376508
6.907755,0
6.907755,0
6.907755,0
6.907755,0
6.907755,0
6.907755,0
6.393591,0
6.393591,0
0,0
0,0
0,0
0,0
6.907755,0
6.907755,0
6.907755,0
6.907755,0
6.907755,0
0,0
0,0
0,0
0,0
0,0
0,0
0,0
0,0
5.446737,0
5.446737,0
5.446737,0
5.446737,0
5.446737,0
6.907755,7.600903
6.907755,7.600903
6.907755,7.600903
6.907755,7.600903
6.907755,8.294049
6.907755,8.294049
6.907755,0
6.907755,0
6.907755,8.294049
6.907755,8.294049
6.907755,8.294049
6.907755,8.294049
6.907755,8.294049
6.300786,7.68708
6.300786,7.68708
6.300786,7.68708
6.55108,0
0,0
0,0
6.907755,0
6.907755,0
5.843544,0
0,0
0,0
6.907755,0
6.907755,0
6.907755,0
6.907755,0
5.420535,6.806829
6.272877,7.659172
6.907755,0
6.907755,0
6.907755,0
0,0
0,0
0,0
0,0
0,0
0,0
0,0
0,0
0,0
0,0
5.720312,7.106606
6.907755,0
6.907755,0
6.907755,0
6.907755,0
6.907755,0
6.907755,8.294049
6.907755,8.294049
6.907755,7.600903
6.907755,7.600903
6.907755,7.600903
6.907755,7.600903
5.883322,0
5.883322,0
5.883322,0
6.907755,0
6.907755,0
6.907755,0
6.907755,0
6.907755,0
6.907755,0
0,0
0,0
6.907755,8.294049
6.907755,8.294049
6.907755,8.294049
6.907755,8.294049
6.907755,8.294049
5.703783,0
5.703783,0
5.703783,0
0,0
0,0
0,0
0,0
0,0
0,0
6.907755,7.600903
6.907755,7.600903
0,0
0,0
0,0
0,0
6.198479,0
6.198479,0
6.198479,0
5.662961,0
5.662961,0
5.662961,0
0,0
0,0
0,0
0,0
0,0
6.395262,7.088409
6.395262,7.088409
6.395262,7.088409
6.395262,7.088409
6.576469,7.269617
6.576469,7.269617
6.576469,7.269617
6.907755,8.294049
6.907755,8.294049
6.907755,8.294049
6.907755,8.294049
6.907755,8.294049
6.907755,8.294049
4.532599,0
6.907755,0
6.907755,0
5.777652,0
5.777652,0
5.777652,0
5.777652,0
6.907755,0
6.907755,0
5.703783,0
5.703783,0
6.272877,0
6.272877,0
6.272877,0
6.272877,0
6.907755,8.294049
6.907755,8.294049
6.907755,8.294049
6.907755,8.294049
4.727388,0
4.727388,0
4.727388,0
0,0
0,0
0,0
0,0
5.828946,7.21524
5.828946,7.21524
5.828946,7.21524
5.828946,7.21524
5.828946,7.21524
5.703783,0
5.703783,0
5.986452,0
5.986452,0
6.683361,7.376508
6.683361,7.376508
6.683361,7.376508
6.683361,7.376508
6.907755,7.600903
6.907755,7.600903
6.907755,7.600903
6.907755,7.600903
6.907755,7.600903
6.907755,7.600903
0,0
6.684612,0
6.684612,0
6.684612,0
6.907755,8.294049
6.907755,8.294049
0,0
0,0
0,0
0,0
0,0
4.543295,0
6.826545,0
0,0
0,0
0,0
6.855409,7.548556
6.855409,7.548556
0,0
0,0
0,0
0,0
0,0
0,0
6.907755,0
6.907755,0
5.926926,7.313221
6.907755,0
6.907755,0
6.907755,0
6.907755,0
6.907755,0
6.907755,0
6.907755,0
6.907755,0
6.907755,0
6.907755,0
6.683361,8.069655
6.683361,8.069655
6.683361,8.069655
5.556828,6.943122
6.139884,0
6.139884,0
6.139884,0
6.907755,8.294049
6.907755,8.294049
6.907755,8.294049
6.907755,7.600903
6.907755,7.600903
6.907755,7.600903
6.907755,7.600903
6.907755,7.600903
5.313206,0
6.907755,0
6.907755,0
6.907755,0
6.907755,0
6.907755,7.600903
6.907755,7.600903
6.907755,7.600903
6.907755,8.294049
6.907755,8.294049
6.907755,8.294049
6.907755,8.294049
6.907755,8.294049
6.907755,8.294049
6.907755,8.294049
6.907755,8.294049
6.519147,7.905442
6.519147,7.905442
6.519147,7.905442
0,6.57368
0,0
0,0
0,0
0,0
6.109248,0
6.109248,0
6.109248,0
0,0
0,0
0,0
3.951244,0
6.57368,7.959975
6.214608,7.600903
6.214608,7.600903
6.214608,7.600903
6.214608,7.600903
6.907755,0
6.120297,7.506592
6.120297,7.506592
6.120297,7.506592
6.120297,7.506592
6.131227,0
6.131227,0
6.131227,0
6.907755,7.600903
6.907755,7.600903
0,0
0,0
6.684612,8.070906
6.684612,8.070906
6.684612,8.070906
6.736967,8.123261
0,0
6.109248,0
6.109248,0
6.109248,0
6.109248,5.786897
6.109248,5.786897
6.109248,5.786897
6.907755,8.294049
6.907755,8.294049
6.907755,0
6.907755,0
6.907755,0
6.907755,0
6.907755,0
6.907755,7.600903
6.907755,7.600903
6.907755,7.600903
6.907755,0
6.907755,0
6.907755,0
6.907755,0
6.907755,0
6.907755,0
6.907755,0
6.907755,0
6.907755,0
6.907755,7.600903
6.907755,7.600903
6.907755,7.600903
6.907755,7.600903
0,0
0,0
0,0
0,0
0,0
6.109248,0
6.109248,0
6.109248,0
6.109248,0
6.907755,8.294049
6.907755,8.294049
6.907755,8.294049
6.907755,8.294049
6.126869,0
6.126869,0
6.126869,0
6.126869,0
6.126869,0
0,0
0,0
0,0
6.907755,0
6.907755,0
6.907755,0
6.907755,0
6.907755,0
6.907755,0
6.907755,0
0,0
0,0
0,0
6.907755,7.600903
6.907755,7.600903
6.907755,7.600903
6.907755,7.600903
6.907755,7.600903
0,0
0,0
4.70048,6.086775
0,0
0,0
0,0
4.276666,0
0,0
4.61512,6.001415
4.61512,6.001415
4.61512,6.001415
4.61512,6.001415
4.61512,6.001415
0,0
6.907755,7.600903
6.907755,7.600903
6.907755,7.600903
6.907755,7.600903
6.907755,7.600903
6.907755,7.600903
6.907755,8.294049
6.907755,8.294049
6.907755,8.294049
6.907755,8.294049
6.520621,7.906916
6.520621,7.906916
6.520621,7.906916
6.520621,7.906916
6.109248,0
6.109248,0
6.109248,0
6.907755,7.600903
6.907755,7.600903
6.907755,7.600903
6.907755,7.600903
6.907755,7.600903
6.907755,7.600903
6.907755,7.600903
6.907755,7.600903
6.907755,7.600903
6.363563,7.05671
6.263398,6.956545
6.263398,6.956545
6.263398,6.956545
6.263398,6.956545
4.276666,5.662961
4.276666,5.662961
6.907755,0
6.907755,0
6.907755,0
6.907755,0
4.317488,0
4.317488,0
6.907755,0
6.907755,0
6.907755,0
4.382027,0
4.382027,0
0,0
0,0
0,0
0,0
0,0
5.451038,0
5.451038,0
5.451038,0
5.451038,0
6.907755,8.294049
6.907755,8.294049
6.549651,0
6.549651,0
4.976734,0
4.976734,0
4.976734,0
6.907755,7.600903
6.907755,7.600903
6.907755,7.600903
6.907755,7.600903
6.907755,7.600903
6.907755,7.600903
6.907755,7.600903
6.907755,0
6.907755,0
6.907755,0
6.907755,0
6.461468,7.847763
6.461468,7.847763
6.461468,7.847763
6.461468,7.847763
5.111988,0
5.111988,0
5.111988,0
6.214608,7.600903
6.214608,7.600903
6.214608,7.600903
6.214608,7.600903
6.39693,0
6.39693,0
0,0
0,0
0,0
0,0
0,0
0,0
0,0
0,0
4.094345,0
4.094345,0
4.094345,0
4.094345,0
4.094345,0
4.094345,0
4.094345,0
5.703783,0
5.703783,0
0,0
0,7.600903
5.924256,0
5.924256,0
5.924256,0
5.924256,0
0,0
0,0
0,0
6.331502,0
5.402678,0
6.618739,0
6.618739,0
5.963579,6.656726
0,0
0,0
0,0
0,0
0,0
0,0
0,0
0,0
0,0
6.907755,0
6.907755,0
6.907755,0
6.907755,0
6.907755,0
6.907755,8.294049
6.907755,8.294049
6.907755,8.294049
6.907755,8.294049
6.907755,8.294049
6.907755,8.294049
6.907755,8.294049
6.907755,8.294049
6.907755,8.294049
6.244167,7.630461
6.244167,7.630461
6.244167,7.630461
6.244167,7.630461
6.244167,7.630461
6.244167,7.630461
6.244167,7.630461
5.645447,0
5.645447,0
5.645447,0
5.645447,0
5.645447,0
6.309918,7.003066
6.633318,7.326466
0,0
0,0
0,0
0,0
6.55108,7.937375
6.55108,7.937375
6.55108,7.937375
6.55108,7.937375
0,0
0,0
0,0
0,0
0,0
0,6.527958
0,6.527958
6.028278,6.721426
6.028278,6.721426
5.81413,6.507277
6.028278,6.721426
4.174387,0
4.174387,0
4.174387,0
4.174387,0
4.174387,0
4.094345,0
4.094345,0
4.094345,0
4.094345,0
6.907755,8.294049
6.907755,8.294049
0,0
0,0
6.907755,8.294049
6.907755,8.294049
6.907755,8.294049
6.907755,8.294049
6.907755,8.294049
6.109248,0
6.109248,0
6.109248,0
6.109248,0
6.109248,0
5.135798,0
0,0
0,0
0,0
0,0
0,0
5.83773,7.224025
6.907755,0
6.907755,0
6.907755,0
6.907755,0
0,0
0,0
0,0
0,0
6.907755,0
6.907755,0
5.924256,0
5.673323,0
5.673323,0
5.673323,0
5.673323,0
5.673323,0
6.907755,8.294049
6.907755,8.294049
6.907755,8.294049
6.907755,8.294049
6.907755,0
6.907755,0
6.907755,0
6.907755,0
6.907755,0
6.436151,0
6.436151,0
6.436151,0
6.436151,0
6.436151,0
6.436151,0
5.998937,0
0,0
0,0
0,0
0,0
6.907755,8.294049
6.907755,8.294049
6.907755,8.294049
6.907755,8.294049
0,0
0,0
6.327937,7.714231
6.327937,7.714231
6.327937,7.714231
6.327937,7.714231
5.986452,0
5.986452,0
6.907755,7.600903
6.907755,7.600903
6.620073,8.006368
6.448889,0
6.448889,0
6.448889,0
4.356709,0
6.907755,8.294049
6.907755,8.294049
6.907755,8.294049
6.907755,8.294049
6.907755,8.294049
6.907755,8.294049
6.907755,8.294049
6.907755,8.294049
6.907755,8.294049
6.907755,0
6.907755,0
6.799056,0
6.799056,0
6.519147,0
5.509388,0
5.703783,0
5.703783,0
0,0
0,0
0,0
5.988961,7.375256
6.302619,0
6.907755,0
6.907755,0
6.907755,0
6.907755,0
6.907755,0
5.703783,0
0,0
0,0
0,0
0,0
4.49981,0
0,0
0,0
6.907755,8.294049
6.802395,0
6.802395,0
6.907755,8.294049
6.771935,8.15823
6.771935,8.15823
0,0
0,0
6.907755,0
6.907755,0
6.907755,0
6.635947,8.022241
6.635947,8.022241
6.635947,8.022241
6.635947,8.022241
0,0
0,0
0,0
0,0
5.552959,0
5.552959,0
5.552959,0
6.907755,0
6.907755,0
6.907755,0
6.907755,0
6.55108,7.937375
5.988961,0
5.988961,0
5.988961,0
5.988961,0
5.988961,0
5.298317,5.991465
4.744932,5.438079
6.907755,7.600903
5.673323,0
5.673323,0
5.673323,0
5.673323,0
6.885509,0
6.885509,0
6.885509,0
6.885509,0
0,0
0,0
0,0
0,0
0,0
0,0
0,0
5.105946,0
5.105946,0
5.105946,0
5.105946,0
5.105946,0
5.351858,0
4.317488,0
5.129899,6.516193
5.129899,6.516193
5.187386,5.880533
5.187386,5.880533
0,0
0,0
6.907755,8.294049
6.907755,8.294049
6.907755,8.294049
6.907755,8.294049
0,0
4.844187,0
6.476973,0
6.476973,0
6.476973,0
6.476973,0
6.476973,0
4.787492,0
4.787492,0
4.787492,0
4.787492,0
6.871091,8.257385
6.871091,8.257385
6.871091,8.257385
6.871091,8.257385
6.871091,8.257385
6.871091,8.257385
6.871091,8.257385
6.907755,8.294049
6.907755,8.294049
6.907755,8.294049
5.451038,0
5.451038,0
5.451038,0
5.451038,0
6.386879,0
6.386879,0
6.386879,0
6.386879,0
6.386879,0
5.796058,0
5.796058,0
5.796058,0
6.791222,0
6.791222,0
6.791222,0
5.273,0
5.273,0
5.273,0
5.273,0
6.907755,8.294049
6.907755,8.294049
6.907755,8.294049
6.907755,8.294049
6.907755,7.600903
6.907755,7.600903
6.907755,7.600903
6.907755,7.600903
6.907755,7.600903
6.907755,7.600903
5.278115,0
5.278115,0
5.278115,0
5.278115,0
5.278115,0
5.278115,0
5.883322,7.269617
5.883322,7.269617
5.883322,7.269617
5.703783,0
5.703783,0
6.907755,8.294049
6.907755,8.294049
6.907755,8.294049
6.907755,8.294049
6.907755,8.294049
6.907755,8.294049
6.907755,8.294049
0,0
0,0
0,0
0,0
0,0
6.408529,7.101676
6.408529,7.101676
6.907755,7.600903
6.907755,7.600903
6.50129,7.194437
6.907755,8.294049
6.907755,8.294049
6.907755,8.294049
6.855409,0
6.855409,0
6.907755,0
6.907755,0
6.536692,7.229839
6.536692,7.229839
6.536692,7.229839
6.536692,7.229839
6.907755,7.600903
6.907755,7.600903
6.907755,7.600903
6.907755,7.600903
6.907755,7.600903
6.907755,7.600903
6.907755,7.600903
6.907755,7.600903
6.907755,7.600903
6.907755,7.600903
6.802395,0
6.802395,0
6.802395,0
6.802395,0
6.907755,8.294049
6.907755,8.294049
6.907755,8.294049
5.257495,0
5.257495,0
5.257495,0
4.094345,0
4.094345,0
4.094345,0
4.094345,0
5.552959,0
4.430817,0
4.430817,0
4.430817,0
4.430817,0
0,0
0,0
0,0
0,0
0,0
6.907755,7.600903
6.907755,7.600903
0,0
0,0
0,0
0,0
0,0
6.906755,7.599902
6.906755,7.599902
6.906755,7.599902
6.906755,7.599902
3.178054,0
6.309918,7.003066
6.309918,7.003066
6.309918,7.003066
6.802395,0
6.802395,0
6.802395,0
6.802395,0
6.802395,0
6.907755,7.600903
6.907755,7.600903
6.408529,0
6.408529,0
6.907755,8.294049
6.907755,8.294049
6.907755,8.294049
6.907755,7.600903
5.003946,5.697093
5.003946,5.697093
5.003946,5.697093
5.003946,5.697093
6.75227,0
6.75227,0
6.907755,0
6.907755,0
6.907755,0
6.907755,0
5.852202,6.190315
5.852202,6.190315
6.907755,0
6.907755,0
5.783825,0
5.783825,0
5.783825,0
5.783825,0
5.783825,0
5.783825,0
5.783825,0
5.746203,0
5.746203,0
5.746203,0
0,0
5.31812,0
5.986452,6.79794
5.986452,6.79794
5.986452,6.79794
5.986452,6.79794
0,0
0,0
0,0
0,0
0,0
0,0
0,0
0,0
5.56452,0
5.556828,0
0,0
0,0
6.39693,7.783224
0,0
0,0
0,0
0,0
0,0
0,0
0,0
0,0
0,5.111988
0,5.111988
6.907755,8.294049
6.907755,8.294049
0,0
0,0
0,0
4.983607,0
4.983607,0
5.277298,0
5.277298,0
5.277298,0
5.277298,0
5.277298,0
5.988961,6.682108
5.988961,6.682108
0,7.570443
0,7.570443
0,7.570443
0,7.570443
6.907755,8.294049
0,0
0,0
6.475433,0
6.475433,0
0,0
0,0
4.094345,0
4.094345,0
4.094345,0
6.907755,0
6.907755,0
0,0
0,0
0,0
0,0
6.907755,8.294049
6.907755,8.294049
5.988961,6.682108
0,0
0,0
0,0
6.907755,7.600903
6.907755,7.600903
6.907755,7.600903
6.907755,7.600903
6.907755,8.294049
6.907755,8.294049
6.907755,8.294049
6.907755,8.294049
6.907755,8.294049
6.907755,8.294049
6.907755,8.294049
6.005269,0
6.005269,0
6.005269,0
6.005269,0
6.907755,0
6.907755,0
6.907755,0
6.907755,0
6.620073,7.313221
6.907755,0
6.907755,0
6.907755,0
6.907755,0
6.907755,8.294049
6.907755,8.294049
6.907755,8.294049
6.907755,8.294049
0,0
0,0
0,0
0,0
6.907755,8.294049
6.907755,8.294049
6.907755,8.294049
4.61512,0
4.61512,0
4.61512,0
5.991465,6.684612
5.389072,5.991465
0,0
0,0
0,0
5.703783,0
5.703783,0
6.907755,8.294049
6.39693,7.090077
6.39693,7.090077
4.787492,0
4.787492,0
4.787492,0
0,0
0,0
0,0
6.907755,7.600903
6.907755,7.600903
6.907755,7.600903
6.907755,7.600903
6.907755,7.600903
6.907755,7.600903
6.907755,7.600903
6.395262,0
6.395262,0
6.395262,0
0,0
0,0
0,0
0,0
6.907755,8.294049
6.907755,8.294049
6.907755,8.294049
6.308098,0
6.308098,0
6.907755,0
0,0
4.276666,0
0,0
0,0
6.907755,8.294049
5.828946,7.21524
6.683361,7.376508
0,0
6.907755,7.600903
0,0
5.645447,0
6.907755,7.600903
6.907755,8.294049
5.783825,0
6.907755,7.600903
6.126869,0
4.976734,0
6.907755,0
0,0
0,0
6.109248,5.786897
0,0
6.907755,7.600903
6.907755,8.294049
6.802395,0
5.777652,0
0,0
6.907755,8.294049
6.907755,8.294049
4.094345,0
0,0
6.791222,0
5.703783,5.755076
6.309918,6.361212
6.309918,6.361212
5.187609,0
5.187609,0
6.109248,6.160541
6.109248,6.160541
6.109248,6.160541
6.109248,6.160541
6.109248,6.160541
6.907755,8.294049
6.907755,8.294049
0,0
0,0
4.405865,5.374791
4.405865,5.374791
0,0
0,0
0,6.160541
0,6.160541
6.907755,6.959049
6.907755,6.959049
0,5.061929
6.177778,0
5.981894,6.365746
5.981894,6.365746
5.981894,6.365746
5.981894,6.365746
5.981894,6.365746
5.460734,6.160541
5.460734,6.160541
5.460734,6.160541
5.460734,6.160541
5.460734,6.160541
6.907755,8.294049
6.907755,8.294049
6.907755,8.294049
0,5.061929
6.39693,6.160541
6.39693,6.160541
6.39693,6.160541
0,0
0,0
0,0
0,0
6.907755,8.294049
6.907755,8.294049
6.907755,8.294049
4.730568,0
5.330978,0
5.330978,0
5.330978,0
0,0
0,0
0,0
0,0
0,0
0,0
0,0
5.641907,0
5.641907,0
5.641907,0
0,0
0,0
0,0
0,0
5.617753,6.160541
5.617753,6.160541
5.617753,6.160541
0,0
0,0
0,0
5.878744,0
5.878744,0
5.878744,0
5.878744,0
6.547474,6.943732
6.547474,6.943732
6.804725,8.19102
6.804725,8.19102
6.109248,6.160541
6.109248,6.160541
6.109248,6.160541
6.109248,6.160541
5.298317,6.684612
0,0
0,0
0,0
0,0
0,0
5.703783,5.755076
5.703783,5.755076
6.856462,8.242756
6.907755,8.294049
6.907755,8.294049
6.907755,8.294049
6.907755,8.294049
6.907755,8.294049
6.762128,0
6.762128,0
5.808503,7.194797
6.099332,0
6.099332,0
6.099332,0
6.099332,0
6.099332,0
6.099332,0
5.680172,0
0,0
0,0
0,0
5.992264,5.755076
5.992264,5.755076
0,0
6.393591,6.445051
6.393591,6.445051
6.907755,8.294049
6.907755,8.294049
6.907755,8.294049
6.907755,8.294049
6.907755,8.294049
5.010635,5.061929
5.926926,5.97822
5.926926,5.97822
5.926926,5.97822
6.907755,8.294049
6.907755,8.294049
6.45331,0
6.45331,0
6.109248,6.160541
6.109248,6.160541
6.109248,6.160541
6.109248,6.160541
6.907755,6.959049
6.907755,6.959049
5.010635,5.061929
5.273,6.659294
0,0
3.688879,5.061929
6.907755,6.959049
6.907755,6.959049
0,0
0,0
0,0
4.59875,0
4.59875,0
4.59875,0
4.59875,0
0,5.061929
0,6.160541
0,6.160541
0,6.160541
0,6.160541
0,6.160541
6.907755,8.294049
6.907755,8.294049
6.907755,8.294049
6.907755,6.959049
6.907755,6.959049
6.907755,6.959049
6.907755,6.959049
5.93648,6.735905
6.907755,8.294049
5.703783,6.160541
5.703783,6.160541
5.703783,6.160541
5.05529,5.755076
5.05529,5.755076
6.907755,8.294049
6.907755,8.294049
6.907755,8.294049
6.574629,7.960924
6.574629,7.960924
6.574629,7.960924
3.696848,0
3.696848,0
6.115671,7.501966
6.115671,7.501966
6.115671,7.501966
0,0
0,0
0,0
0,5.061929
6.109248,6.160541
6.109248,6.160541
6.109248,6.160541
6.109248,6.160541
6.109248,6.160541
0,0
0,0
0,0
4.341856,5.755076
4.341856,5.755076
0,0
0,0
0,0
0,0
0,0
0,0
0,0
6.109248,6.160541
6.109248,6.160541
6.109248,6.160541
6.109248,6.160541
6.109248,6.160541
6.109248,6.160541
6.109248,6.160541
6.109248,6.160541
6.109248,6.160541
0,0
0,0
0,0
0,0
6.87363,8.259924
6.87363,8.259924
6.87363,8.259924
6.87363,8.259924
0,0
0,5.755076
0,5.755076
6.907755,6.959049
6.907755,6.959049
6.907755,6.959049
6.907755,6.959049
6.907755,6.959049
0,6.959049
6.907755,8.294049
6.907755,8.294049
6.907755,8.294049
6.907755,8.294049
0,0
0,0
0,0
0,0
6.109248,6.160541
6.109248,6.160541
6.109248,6.160541
6.109248,6.160541
6.109248,6.160541
5.010635,5.061929
4.362206,5.061929
6.151668,7.537962
6.158038,7.544332
5.703783,5.755076
5.703783,5.755076
5.587249,5.638542
4.342636,0
6.907755,6.959049
6.907755,6.959049
0,0
0,0
6.907755,8.294049
6.907755,8.294049
6.907755,8.294049
6.907755,8.294049
6.907755,8.294049
6.907755,8.294049
6.907755,8.294049
6.907755,8.294049
6.907755,8.294049
6.612041,7.998335
5.042651,5.746707
5.519459,5.570752
6.907755,8.294049
6.907755,8.294049
6.907755,8.294049
0,6.160541
0,6.160541
6.475741,0
6.475741,0
6.475741,0
3.295837,0
3.295837,0
3.295837,0
3.295837,0
3.295837,0
0,6.105732
0,6.105732
0,6.105732
0,6.105732
0,0
0,0
5.703783,5.755076
5.703783,5.755076
5.703783,5.755076
5.703783,5.755076
5.703783,5.755076
5.703783,5.755076
0,0
0,0
0,0
0,0
0,0
0,0
0,0
0,0
0,5.755076
0,5.755076
6.907755,8.294049
6.907755,8.294049
6.553078,7.939373
6.553078,7.939373
6.553078,7.939373
6.553078,7.939373
5.988059,0
5.988059,0
6.72827,6.779563
6.72827,6.779563
6.72827,6.779563
6.72827,6.779563
6.72827,6.779563
0,0
6.109248,6.160541
6.109248,6.160541
6.109248,6.160541
6.079933,6.160541
6.079933,6.160541
6.079933,6.160541
6.680604,6.731897
6.680604,6.731897
0,0
6.907755,6.959049
6.907755,6.959049
6.907755,6.959049
6.907755,6.959049
5.375278,6.958999
5.375278,6.958999
5.375278,6.958999
5.375278,6.958999
4.063885,0
4.063885,0
4.063885,0
6.840974,0
6.840974,0
6.840974,0
6.840974,0
6.840974,0
6.840974,0
0,0
6.572423,7.958717
0,5.755076
0,5.755076
0,7.167964
0,7.167964
0,0
0,0
0,0
0,0
0,0
0,0
0,0
0,0
0,0
0,0
0,0
0,0
4.599152,0
4.599152,0
5.703783,5.755076
5.703783,5.755076
6.114964,6.63781
6.114964,6.63781
6.114964,6.63781
6.114964,6.63781
6.114964,6.63781
4.564348,0
4.564348,0
4.564348,0
4.564348,0
4.564348,0
6.109248,6.160541
6.109248,6.160541
6.109248,6.160541
6.907755,6.959049
6.907755,8.294049
6.907755,8.294049
6.907755,8.294049
6.907755,8.294049
6.907755,8.294049
6.907755,6.959049
0,8.294049
0,8.294049
0,8.294049
0,8.294049
0,6.624596
6.907755,6.959049
6.907755,6.959049
6.981507,8.294049
6.981507,8.294049
6.981507,8.294049
6.981507,8.294049
6.981507,8.294049
0,0
6.907755,8.294049
6.031646,7.417941
6.031646,7.417941
6.031646,7.417941
6.031646,7.417941
6.031646,7.417941
0,0
0,0
0,0
6.703188,6.754481
6.703188,6.754481
6.703188,6.754481
6.907755,6.959049
6.907755,6.959049
6.907755,6.959049
6.907755,6.959049
5.298317,5.349611
5.298317,5.349611
5.010635,5.061929
5.010635,5.061929
5.010635,5.061929
0,5.061929
0,5.061929
6.120297,0
6.120297,0
6.120297,0
6.120297,0
0,0
0,0
0,0
6.907755,6.959049
6.907755,6.959049
5.010635,5.061929
0,6.671367
6.907755,8.294049
6.907755,8.294049
6.907755,8.294049
6.907755,8.294049
6.395262,7.774856
6.395262,7.774856
6.395262,7.774856
6.395262,7.774856
6.395262,7.774856
0,5.061929
5.871329,0
5.871329,0
5.743003,5.755076
5.743003,5.755076
5.805978,0
5.805978,0
5.805978,0
5.506307,0
5.506307,0
5.506307,0
0,7.968458
0,7.968458
0,7.968458
0,7.968458
0,7.968458
6.109248,6.160541
6.109248,6.160541
6.109248,6.160541
6.109248,6.160541
0,0
0,0
0,0
6.243779,7.630073
6.243779,7.630073
6.243779,7.630073
0,0
6.215408,5.755076
3.871201,0
3.871201,0
3.871201,0
3.871201,0
6.291291,7.677586
6.291291,7.677586
6.291291,7.677586
0,0
0,0
0,0
0,0
0,0
0,0
5.768321,7.154615
5.768321,7.154615
6.659294,8.045588
6.659294,8.045588
6.659294,8.045588
6.659294,8.045588
6.659294,8.045588
4.736198,0
4.736198,0
4.736198,0
5.584999,3.628682
5.675383,5.726676
5.675383,5.726676
5.675383,5.726676
5.675383,5.726676
5.675383,5.726676
0,7.495542
6.907755,6.959049
6.907755,6.959049
5.301911,0
0,6.566006
5.087596,5.061929
5.087596,5.061929
5.703783,5.755076
5.703783,5.755076
6.907755,8.294049
0,0
5.941539,0
5.941539,0
5.941539,0
0,0
0,0
0,0
0,0
0,0
0,0
0,0
3.871201,5.257495
3.871201,5.257495
3.871201,5.257495
3.871201,5.257495
5.622572,0
5.622572,0
6.109248,6.160541
6.109248,6.160541
6.109248,6.160541
6.109248,6.160541
0,0
6.907755,6.959049
6.907755,6.959049
6.907755,6.959049
6.907755,6.959049
6.907755,6.959049
6.351409,0
6.351409,0
6.351409,0
3.583519,0
0,0
0,0
0,5.075174
0,6.619512
0,6.619512
0,6.619512
6.907755,6.959049
6.907755,6.959049
6.907755,6.959049
6.907755,6.959049
5.678431,0
5.831296,5.061929
0,5.061929
6.109248,6.160541
6.109248,6.160541
6.109248,6.160541
6.109248,6.160541
6.802839,8.189134
6.802839,8.189134
6.802839,8.189134
6.109248,6.160541
6.109248,6.160541
6.109248,6.160541
6.109248,6.160541
6.109248,6.160541
5.010635,5.061929
6.907755,8.294049
6.907755,8.294049
6.907755,8.294049
6.907755,8.294049
0,0
0,0
0,0
0,0
5.981414,0
5.192957,0
5.192957,0
5.192957,0
5.192957,0
6.720943,6.772237
6.720943,6.772237
6.720943,6.772237
6.720943,6.772237
6.720943,6.772237
6.720943,6.772237
6.109248,6.160541
6.109248,6.160541
6.109248,6.160541
5.010635,5.061929
6.907755,6.959049
5.975564,6.448223
6.109248,6.160541
6.109248,6.160541
6.109248,6.160541
0,0
0,0
0,0
0,0
5.010635,5.061929
0,0
0,0
0,0
0,0
6.146436,7.532731
6.907755,6.959049
6.907755,6.959049
6.907755,6.959049
6.907755,6.959049
6.907755,6.959049
6.645819,6.160541
6.645819,6.160541
6.645819,6.160541
6.645819,6.160541
0,0
0,0
0,0
0,0
5.703783,5.755076
5.703783,5.755076
5.703783,5.755076
5.703783,5.755076
4.162003,0
0,5.061929
6.200509,8.248006
6.200509,8.248006
6.907755,8.294049
6.907755,8.294049
6.907755,8.294049
6.907755,8.294049
0,6.529803
0,6.529803
0,6.529803
0,6.529803
5.496512,0
5.496512,0
0,0
6.703188,6.754481
0,0
0,0
0,0
0,0
0,0
6.098074,7.484369
5.852662,5.755076
5.852662,5.755076
6.907755,8.294049
6.907755,8.294049
6.907755,8.294049
5.886104,7.272398
5.886104,7.272398
5.886104,7.272398
5.886104,7.272398
6.109248,6.160541
6.109248,6.160541
6.109248,6.160541
6.109248,6.160541
0,0
0,0
0,0
0,0
0,0
0,0
6.907755,6.959049
6.109248,6.160541
6.109248,6.160541
6.109248,6.160541
0,0
6.148917,7.535211
0,6.040255
0,5.061929
0,0
0,0
0,0
0,0
0,0
0,0
0,0
0,0
0,0
6.907755,6.959049
6.907755,6.959049
6.109248,6.160541
6.109248,6.160541
6.109248,6.160541
6.109248,6.160541
0,0
0,0
0,0
6.109248,7.495542
0,0
6.109248,6.160541
6.109248,6.160541
6.109248,6.160541
6.109248,6.160541
6.620273,6.671566
6.620273,6.671566
0,0
0,0
0,0
0,0
0,0
0,0
6.907755,8.294049
6.907755,8.294049
6.047372,0
6.047372,0
6.047372,0
6.907755,6.959049
6.907755,6.959049
6.907755,6.959049
6.907755,6.959049
5.700611,7.086905
6.228511,6.160541
6.228511,6.160541
6.228511,6.160541
3.789177,5.061929
5.355642,0
6.246107,0
6.246107,0
6.246107,0
6.246107,0
5.219274,0
5.219274,0
5.219274,0
0,6.265902
0,6.265902
0,6.265902
0,6.265902
0,5.755076
0,5.755076
6.907755,8.294049
6.342209,7.728504
6.342209,7.728504
6.489873,6.160541
6.489873,6.160541
6.489873,6.160541
6.489873,6.160541
6.489873,6.160541
0,0
0,0
0,0
0,0
0,8.294049
0,0
0,0
0,0
0,0
4.94876,0
0,0
0,0
0,0
0,0
0,0
0,0
6.771248,6.160541
6.771248,6.160541
6.771248,6.160541
0,6.959049
0,6.959049
0,6.959049
0,6.959049
0,6.959049
6.907755,8.294049
5.703783,5.755076
5.703783,5.755076
6.907755,8.294049
6.515601,7.038784
6.515601,7.038784
6.515601,7.038784
6.515601,7.038784
6.814652,8.200947
6.814652,8.200947
6.814652,8.200947
6.814652,8.200947
6.814652,8.200947
6.582247,7.654443
6.582247,7.654443
6.582247,7.654443
6.582247,7.654443
6.276794,6.767828
6.276794,6.767828
6.276794,6.767828
6.276794,6.767828
6.276794,6.767828
6.276794,6.767828
0,0
0,0
5.51986,0
5.51986,0
5.51986,0
0,0
5.703783,5.755076
5.703783,5.755076
5.460734,6.160541
5.460734,6.160541
5.460734,6.160541
5.460734,6.160541
5.460734,6.160541
6.907755,8.294049
6.288007,0
6.288007,0
6.288007,0
6.288007,0
6.253829,8.294049
6.253829,8.294049
5.762052,0
5.762052,0
5.762052,0
5.375278,0
5.375278,0
5.785915,0
5.785915,0
5.897868,0
5.897868,0
5.897868,0
5.897868,0
6.243273,0
6.243273,0
6.408858,0
6.408858,0
6.408858,0
6.408858,0
6.109248,6.160541
6.109248,6.160541
6.109248,6.160541
6.109248,6.160541
6.907755,6.959049
6.573541,7.959835
5.817825,0
5.817825,0
5.817825,0
5.817825,0
5.817825,0
0,0
0,0
0,0
0,0
0,0
5.010635,5.061929
6.907755,6.959049
6.907755,6.959049
5.703783,5.755076
5.703783,5.755076
6.109248,6.160541
6.109248,6.160541
6.109248,6.160541
6.109248,6.160541
6.109248,6.160541
5.274383,6.160541
5.274383,6.160541
5.274383,6.160541
5.274383,6.160541
6.743352,6.794645
0,0
0,0
0,0
5.717028,7.103322
5.717028,7.103322
5.717028,7.103322
0,0
0,0
0,0
0,0
6.907755,6.959049
6.907755,6.959049
6.907755,6.959049
6.907755,6.959049
6.907755,6.959049
6.243273,5.755076
6.243273,5.755076
5.291293,5.703783
5.521461,6.907755
6.040255,6.091548
6.040255,6.091548
6.040255,6.091548
6.907755,6.959049
6.907755,6.959049
6.907755,6.959049
5.703783,5.755076
5.703783,5.755076
6.907755,6.959049
0,5.061929
5.857933,5.909226
6.907755,6.959049
6.907755,6.959049
6.907755,6.959049
6.907755,6.959049
0,0
0,0
6.506501,6.959049
6.506501,6.959049
6.506501,6.959049
6.506501,6.959049
0,5.061929
6.109248,6.160541
6.109248,6.160541
6.109248,6.160541
6.109248,6.160541
6.907755,6.959049
6.907755,6.959049
6.907755,6.959049
6.907755,6.959049
6.907755,6.959049
6.282566,0
6.282566,0
6.282566,0
6.282566,0
5.010635,5.061929
5.164786,5.216079
6.907755,6.959049
6.907755,6.959049
6.907755,6.959049
6.907755,6.959049
6.907755,8.294049
6.907755,8.294049
6.907755,8.294049
6.907755,8.294049
6.907755,8.294049
6.907755,8.294049
0,7.832014
0,5.061929
0,5.061929
0,5.061929
4.587006,0
4.587006,0
0,4.145638
5.962654,0
5.962654,0
5.962654,0
0,0
0,0
4.969813,7.041412
0,6.579251
0,0
4.509099,0
4.509099,0
4.49981,5.886104
6.109248,6.160541
6.109248,6.160541
0,0
0,6.165086
6.639876,6.691169
6.109248,6.160541
6.109248,6.160541
6.109248,6.160541
4.989071,6.375365
0,0
0,0
0,0
0,0
6.907755,8.294049
6.907755,8.294049
6.907755,8.294049
6.907755,8.294049
6.907755,8.294049
6.907755,6.959049
0,0
0,0
6.289567,5.755076
6.289567,5.755076
5.949705,0
5.949705,0
5.949705,0
5.949705,0
5.949705,0
0,0
0,0
0,0
0,0
0,0
6.39693,7.783224
6.39693,7.783224
6.907755,8.294049
6.907755,8.294049
6.907755,8.294049
5.703783,5.755076
5.703783,5.755076
0,0
0,0
0,0
0,0
0,0
5.455321,0
5.455321,0
5.455321,0
6.378766,0
6.378766,0
6.249125,6.160541
6.249125,6.160541
6.249125,6.160541
6.249125,6.160541
0,0
6.43575,7.693937
6.43575,7.693937
6.43575,7.693937
5.956356,6.007648
3.648839,5.061929
5.244916,0
4.896346,0
0,0
0,0
0,6.329008
0,0
6.109248,6.160541
0,5.061929
0,5.435788
6.109248,6.160541
6.109248,6.160541
6.109248,6.160541
6.109248,6.160541
6.114788,7.501082
4.189655,0
4.189655,0
4.189655,0
0,6.160541
0,6.160541
0,0
0,0
0,0
0,0
0,0
0,0
6.86943,5.755076
6.86943,5.755076
6.109248,6.160541
6.109248,6.160541
6.109248,6.160541
6.109248,6.160541
4.382027,8.294049
4.382027,8.294049
4.382027,8.294049
0,0
0,5.061929
0,0
0,0
0,0
0,0
0,0
0,0
0,0
0,0
0,0
3.401197,0
6.351758,7.738052
6.351758,7.738052
0,0
6.109248,6.160541
6.109248,6.160541
6.109248,6.160541
0,0
0,0
0,0
0,0
6.907755,6.959049
6.907755,6.959049
6.907755,6.959049
6.907755,6.959049
6.645741,6.697034
6.645741,6.697034
6.645741,6.697034
6.645741,6.697034
6.645741,6.697034
5.010635,5.061929
5.554818,5.061929
0,6.602374
0,0
0,0
0,7.495542
6.907755,8.294049
0,4.807036
0,7.552342
5.788491,5.674408
5.788491,5.674408
0,0
5.617753,6.160541
6.907755,6.959049
6.115671,7.501966
4.882802,4.934095
0,6.566006
0,0
0,0
6.39693,6.160541
6.762128,0
0,0
6.351409,0
5.871329,0
0,6.160541
5.785915,0
0,7.167964
0,0
5.717028,7.103322
6.246107,0
6.639876,6.691169
0,0
6.280845,6.628041
6.280845,6.628041
6.907755,8.294049
6.907755,8.294049
6.907755,8.294049
6.907755,8.294049
0,0
5.355642,0
4.587006,0
5.703783,5.755076
6.612041,7.998335
6.109248,6.160541
0,0
0,5.755076
0,5.755076
6.907755,8.294049
6.907755,8.294049
6.907755,8.294049
0,0
0,5.435788
6.280845,6.628041
4.063885,0
6.907755,8.294049
0,7.194437
0,7.194437
0,6.866933
5.783825,7.17012
0,0
5.521461,6.907755
5.886104,7.272398
6.109248,6.160541
0,0
5.703783,5.755076
5.519459,5.570752
6.907755,8.294049
6.43575,7.693937
0,0
0,0
0,0
6.907755,6.959049
5.871329,0
5.330978,0
6.804725,8.19102
6.109248,6.160541
6.109248,6.160541
0,0
0,6.160541
5.743003,5.755076
6.907755,6.959049
6.703188,6.754481
5.496512,0
6.907755,8.294049
0,0
5.962654,0
4.341856,5.755076
6.743352,6.794645
5.703783,5.755076
6.620073,8.006368
6.620073,8.006368
6.620073,8.006368
6.620073,8.006368
6.620073,8.006368
6.1441,5.755076
6.1441,5.755076
6.953913,0
6.953913,0
6.953913,0
6.953913,0
6.907755,7.600903
6.907755,7.600903
6.907755,7.600903
6.907755,7.600903
6.907755,7.600903
6.907755,7.600903
6.907755,7.600903
6.620073,8.006368
6.620073,8.006368
6.620073,8.006368
5.629059,0
5.629059,0
5.629059,0
5.629059,0
0,0
0,0
0,0
0,0
6.694067,6.160541
6.694067,6.160541
6.694067,6.160541
6.802395,6.959049
6.907755,6.959049
6.907755,6.959049
6.907755,6.959049
0,0
0,0
0,0
0,0
6.620073,8.006368
6.620073,8.006368
6.364407,0
6.364407,0
6.364407,0
6.364407,0
0,0
5.010635,5.061929
6.907755,6.959049
6.907755,6.959049
6.907755,6.959049
6.63752,0
6.63752,0
6.63752,0
6.63752,0
6.63752,0
6.63752,0
6.63752,0
6.253829,7.600903
6.253829,7.600903
6.253829,7.600903
6.107112,0
6.107112,0
6.107112,0
6.109248,6.160541
6.109248,6.160541
6.109248,6.160541
6.109248,6.160541
6.620073,8.006368
6.620073,8.006368
6.620073,8.006368
6.620073,8.006368
6.620073,8.006368
6.620073,8.006368
6.907755,7.600903
6.907755,7.600903
4.918885,4.970179
6.907755,6.959049
6.907755,6.959049
6.907755,6.959049
6.907755,6.959049
4.832943,0
4.832943,0
0,0
0,0
0,0
0,0
5.083886,5.061929
3.843316,0
3.843316,0
3.843316,0
3.843316,0
3.843316,0
3.843316,0
3.843316,0
4.356709,0
6.907755,7.600903
6.907755,7.600903
6.907755,7.600903
4.836282,0
0,0
4.339902,0
4.339902,0
5.052161,0
5.052161,0
5.052161,0
6.907755,7.600903
6.907755,7.600903
6.907755,7.600903
6.907755,7.600903
6.215408,7.601702
6.215408,7.601702
5.949392,0
5.949392,0
5.949392,0
5.949392,0
0,0
0,0
0,0
0,0
6.109248,6.160541
6.109248,6.160541
6.109248,6.160541
6.109248,6.160541
6.109248,6.160541
6.620073,8.006368
6.620073,8.006368
6.061457,0
6.061457,0
6.061457,0
6.061457,0
6.061457,0
6.061457,0
6.865057,0
6.865057,0
6.865057,0
6.865057,0
6.109248,6.160541
6.109248,6.160541
6.109248,6.160541
6.109248,6.160541
6.109248,6.160541
6.109248,6.160541
6.109248,6.160541
6.558198,7.251345
6.558198,7.251345
6.599871,7.293018
6.907755,6.959049
6.907755,6.959049
6.907755,6.959049
6.907755,6.959049
6.907755,6.959049
6.39693,6.448223
6.907755,6.959049
6.907755,6.959049
6.148468,6.199761
6.148468,6.199761
6.148468,6.199761
5.010635,5.061929
6.109248,6.160541
6.109248,6.160541
6.109248,6.160541
6.109248,6.160541
6.109248,6.160541
6.620073,8.006368
6.620073,8.006368
6.620073,8.006368
6.620073,8.006368
6.620073,8.006368
6.200184,6.160541
6.200184,6.160541
6.200184,6.160541
6.200184,6.160541
4.922023,0
0,0
0,0
5.45018,0
5.45018,0
5.45018,0
5.45018,0
5.45018,0
6.818924,6.870217
6.818924,6.870217
6.818924,6.870217
5.600494,5.061929
0,0
6.620073,6.671367
6.620073,6.671367
6.620073,6.671367
6.620073,6.671367
6.620073,8.006368
6.620073,8.006368
6.620073,8.006368
6.620073,8.006368
6.109248,6.160541
6.109248,6.160541
6.109248,6.160541
0,0
0,0
0,0
0,0
0,0
0,0
0,0
0,0
0,0
0,0
0,0
5.703783,5.755076
5.703783,5.755076
6.239028,0
6.239028,0
6.239028,0
6.239028,0
0,5.755076
0,5.755076
6.109248,6.160541
6.109248,6.160541
6.109248,6.160541
6.109248,6.160541
6.620073,8.006368
6.017132,7.403427
6.017132,7.403427
6.017132,7.403427
5.010635,5.061929
6.185694,6.236988
6.185694,6.236988
6.109248,6.160541
6.109248,6.160541
6.109248,6.160541
6.109248,6.160541
5.010635,5.061929
6.620073,8.006368
6.620073,8.006368
6.620073,8.006368
6.620073,8.006368
6.620073,8.006368
6.620073,8.006368
3.594569,0
3.594569,0
3.594569,0
6.109248,6.160541
6.109248,6.160541
6.109248,6.160541
6.109248,6.160541
5.917603,0
5.917603,0
5.917603,0
5.917603,0
6.109248,6.160541
6.109248,6.160541
6.109248,6.160541
0,5.061929
6.109248,6.160541
6.109248,6.160541
6.109248,6.160541
6.109248,6.160541
5.566358,0
5.566358,0
5.566358,0
0,0
0,0
0,0
5.45018,0
5.45018,0
5.703783,5.755076
5.703783,5.755076
5.438079,5.489373
6.561596,7.947891
6.561596,7.947891
6.561596,7.947891
6.561596,7.947891
5.068904,6.455199
5.068904,6.455199
5.068904,6.455199
6.061457,0
6.061457,0
7.128143,0
7.128143,0
7.128143,0
7.128143,0
7.128143,0
7.128143,0
7.128143,0
0,0
0,0
0,0
0,0
0,0
0,0
6.772897,6.160541
6.772897,6.160541
6.772897,6.160541
6.109248,6.160541
6.109248,6.160541
6.109248,6.160541
6.109248,6.160541
4.175003,0
6.907755,6.959049
6.907755,6.959049
6.367501,6.418794
6.367501,6.418794
6.367501,6.418794
6.367501,6.418794
6.367501,6.418794
6.907755,7.600903
6.907755,7.600903
6.907755,7.600903
6.907755,7.600903
6.907755,7.600903
6.332569,7.718863
0,0
5.426711,0
0,0
0,0
5.911122,0
5.911122,0
5.911122,0
0,0
0,0
0,0
0,0
0,0
0,0
6.620073,8.006368
6.620073,8.006368
6.109248,6.160541
6.109248,6.160541
6.109248,6.160541
6.109248,6.160541
6.620073,8.006368
6.159518,6.262295
6.159518,6.262295
6.159518,6.262295
5.796483,0
5.796483,0
0,7.755767
0,7.755767
0,7.755767
0,7.755767
0,7.755767
0,7.755767
5.010635,5.061929
5.703783,5.755076
5.703783,5.755076
6.620073,6.671367
0,6.160541
0,6.160541
0,6.160541
5.010635,5.061929
6.907755,6.959049
6.907755,6.959049
6.907755,6.959049
6.907755,6.959049
6.907755,6.959049
6.907755,6.959049
5.703783,5.755076
5.703783,5.755076
0,5.061929
5.703783,5.755076
5.703783,5.755076
5.50655,5.061929
6.907755,7.600903
6.907755,7.600903
6.907755,7.600903
6.907755,7.600903
6.324359,7.710653
6.324359,7.710653
6.324359,7.710653
6.324359,7.710653
6.620073,8.006368
6.620073,8.006368
6.620073,8.006368
6.620073,8.006368
4.60517,0
4.60517,0
6.620073,8.006368
6.620073,8.006368
6.620073,8.006368
6.620073,8.006368
6.256287,0
6.256287,0
6.256287,0
6.256287,0
6.256287,0
6.109248,6.160541
6.109248,6.160541
6.109248,6.160541
6.907755,6.959049
6.907755,6.959049
6.907755,6.959049
6.907755,6.959049
6.907755,6.959049
6.907755,6.959049
6.907755,6.959049
6.907755,6.959049
6.907755,6.959049
0,0
0,0
0,0
0,0
0,0
6.109248,6.160541
6.109248,6.160541
6.109248,6.160541
6.109248,6.160541
0,7.600903
0,7.600903
0,7.600903
0,7.600903
0,6.160541
0,6.160541
0,6.160541
0,6.160541
4.356709,0
4.356709,0
4.356709,0
6.64066,0
6.64066,0
0,0
0,0
6.907755,6.959049
6.907755,6.959049
6.907755,6.959049
6.659294,6.710587
0,6.784695
5.010635,5.061929
5.010635,5.061929
5.352806,5.061929
5.51986,0
5.51986,0
0,0
0,0
0,0
0,0
6.109248,6.160541
6.109248,6.160541
6.109248,6.160541
0,0
0,0
5.040582,0
5.45018,0
5.45018,0
5.45018,0
5.45018,0
5.45018,0
6.907755,7.600903
6.907755,7.600903
6.907755,7.600903
6.907755,7.600903
6.907755,7.600903
6.586172,7.408531
6.586379,6.637672
6.586379,6.637672
6.586379,6.637672
6.586379,6.637672
6.586379,6.637672
6.586379,6.637672
5.672085,0
5.672085,0
6.131227,7.517521
6.131227,7.517521
6.131227,7.517521
6.131227,7.517521
5.164786,5.216079
5.164786,5.216079
5.010635,5.061929
5.010635,5.061929
4.958078,0
6.620073,8.006368
6.620073,8.006368
6.49224,6.543533
6.49224,6.543533
6.49224,6.543533
6.49224,6.543533
6.49224,6.543533
6.907755,7.600903
6.907755,7.600903
6.907755,7.600903
6.907755,7.600903
6.907755,7.600903
6.620073,8.006368
6.620073,8.006368
0,0
0,0
0,0
0,0
0,0
6.476973,7.863267
6.476973,7.863267
5.416101,6.109248
5.416101,6.109248
6.965062,0
6.965062,0
6.965062,0
6.965062,0
6.907755,7.600903
6.907755,7.600903
5.703783,5.755076
5.703783,5.755076
6.109248,6.160541
6.109248,6.160541
6.109248,6.160541
6.109248,6.160541
6.109248,6.160541
6.109248,6.160541
6.620073,8.006368
6.620073,8.006368
6.109248,6.160541
6.109248,6.160541
6.109248,6.160541
0,5.061929
6.109248,6.160541
6.109248,6.160541
6.620073,8.006368
6.620073,8.006368
6.620073,8.006368
6.620073,8.006368
6.620073,8.006368
6.620073,8.006368
6.620073,8.006368
6.620073,8.006368
6.620073,8.006368
0,5.611975
5.926926,6.042758
6.383034,0
6.383034,0
6.383034,0
6.383034,0
6.383034,0
6.383034,0
5.703783,5.755076
5.703783,5.755076
5.703783,5.755076
5.703783,5.755076
6.660473,0
6.660473,0
6.660473,0
6.418039,7.804333
6.418039,7.804333
5.741848,0
5.741848,0
5.024538,5.075831
5.024538,5.075831
6.109248,6.160541
6.109248,6.160541
6.109248,6.160541
6.109248,6.160541
5.289478,5.061929
0,0
6.407292,6.458586
6.190643,0
6.190643,0
6.190643,0
6.190643,0
6.190643,0
0,0
0,0
0,0
0,0
6.052183,5.941943
6.109248,6.160541
6.109248,6.160541
6.109248,6.160541
6.620073,8.006368
6.620073,8.006368
6.620073,8.006368
6.620073,8.006368
5.352806,0
0,0
6.907755,6.959049
6.907755,6.959049
6.907755,6.959049
6.907755,6.959049
6.109248,6.160541
6.109248,6.160541
6.109248,6.160541
6.109248,6.160541
6.109248,6.160541
6.109248,6.160541
6.109248,6.160541
6.835185,7.528332
6.835185,7.528332
6.835185,7.528332
6.835185,7.528332
6.200184,6.249121
6.327937,7.714231
6.327937,7.714231
6.327937,7.714231
6.327937,7.714231
5.010635,5.061929
5.010635,5.061929
6.620073,8.006368
6.620073,8.006368
6.620073,8.006368
6.620073,8.006368
6.069814,7.456108
5.966147,7.352441
6.109248,6.160541
6.109248,6.160541
6.109248,6.160541
6.109248,6.160541
6.109248,6.160541
6.620073,8.006368
6.620073,8.006368
0,0
0,0
0,0
6.49224,7.878534
6.49224,7.878534
6.49224,7.878534
6.49224,7.878534
6.49224,7.878534
6.49224,7.878534
5.703783,7.090077
6.109248,6.160541
6.109248,6.160541
6.109248,6.160541
6.109248,6.160541
6.109248,6.160541
6.109248,6.160541
4.276666,0
4.276666,0
0,0
0,0
5.741848,5.937397
6.907755,6.959049
0,5.061929
5.010635,5.061929
6.119858,7.506152
6.119858,7.506152
6.119858,7.506152
6.119858,7.506152
6.119858,7.506152
6.119858,7.506152
5.497783,6.884077
6.109248,6.160541
6.109248,6.160541
6.109248,6.160541
6.109248,6.160541
6.109248,6.160541
6.109248,6.160541
0,0
0,0
0,0
0,0
5.991465,6.042758
6.109248,6.160541
6.109248,6.160541
6.907755,6.959049
6.907755,6.959049
6.907755,6.959049
5.010635,5.061929
6.109248,6.160541
6.109248,6.160541
6.109248,6.160541
6.109248,6.160541
6.605095,6.656388
6.605095,6.656388
6.605095,6.656388
2.821379,0
0,0
0,0
0,0
0,0
0,0
5.352806,0
6.953913,0
4.356709,0
4.356709,0
6.907755,6.959049
6.364407,0
6.364407,0
0,0
6.620073,6.671367
6.907755,6.959049
5.416101,6.109248
6.109248,6.160541
6.109248,6.160541
6.907755,6.959049
6.907755,6.959049
6.087683,0
0,0
0,0
5.991465,6.042758
5.629059,0
6.253829,7.600903
6.109248,6.160541
6.953913,0
0,0
6.109248,6.160541
6.109248,6.160541
5.966147,7.352441
6.907755,6.959049
6.55108,6.602374
6.55108,6.602374
6.55108,6.602374
6.55108,6.602374
6.586172,8.006368
6.586172,8.006368
6.586172,8.006368
6.586172,8.006368
0,0
0,0
0,0
0,0
0,5.061929
5.399971,0
0,0
0,0
0,0
0,0
0,0
0,0
6.226378,6.160541
6.226378,6.160541
6.226378,6.160541
0,0
0,0
0,0
0,0
5.676206,0
5.676206,0
5.676206,0
5.676206,0
5.676206,0
5.676206,0
5.010635,5.061929
5.010635,5.061929
6.104436,6.160541
6.104436,6.160541
6.104436,6.160541
6.586172,8.006368
6.586172,8.006368
6.586172,8.006368
6.586172,8.006368
6.586172,8.006368
6.586172,8.006368
6.586172,8.006368
5.974827,0
6.005367,5.061929
6.620073,8.006368
5.437731,0
5.437731,0
5.703783,5.755076
5.703783,5.755076
6.109248,6.160541
6.109248,6.160541
6.109248,6.160541
6.109248,6.160541
6.620073,8.006368
6.620073,8.006368
5.418764,0
5.418764,0
5.418764,0
5.418764,0
0,0
6.907755,6.959049
6.907755,6.959049
6.346478,0
6.346478,0
6.346478,0
5.703783,5.755076
5.703783,5.755076
0,0
0,0
0,0
5.681128,0
5.676206,0
5.676206,0
5.676206,0
5.676206,0
5.676206,0
5.676206,0
0,0
0,0
0,0
6.907755,6.959049
6.907755,6.959049
6.907755,6.959049
6.22543,6.160541
6.22543,6.160541
6.22543,6.160541
6.22543,6.160541
6.22543,6.160541
6.094202,0
6.094202,0
6.094202,0
6.094202,0
6.882438,6.933731
5.313501,0
4.880982,0
6.109248,6.160541
6.109248,6.160541
6.109248,6.160541
6.109248,6.160541
0,0
0,0
0,0
5.703783,7.090077
5.703783,7.090077
0,6.659294
0,6.659294
6.098074,7.484369
6.620073,8.006368
6.620073,8.006368
6.094202,0
6.094202,0
6.094202,0
6.094202,0
6.2105,7.596794
6.2105,7.596794
6.2105,7.596794
6.2105,7.596794
5.398163,5.449456
5.398163,5.449456
5.398163,5.449456
5.398163,5.449456
5.398163,5.449456
6.109248,6.160541
6.109248,6.160541
6.109248,6.160541
0,0
0,0
6.620073,8.006368
6.620073,8.006368
6.620073,8.006368
6.620073,8.006368
6.620073,8.006368
6.823765,5.755076
6.823765,5.755076
6.620073,8.006368
6.620073,8.006368
6.620073,8.006368
6.620073,8.006368
6.639876,7.333023
6.533062,6.584355
6.533062,6.584355
6.094202,0
6.094202,0
6.094202,0
6.907755,7.600903
6.907755,7.600903
6.907755,7.600903
6.907755,7.600903
6.907755,7.600903
6.109248,6.160541
6.109248,6.160541
6.109248,6.160541
6.109248,6.160541
0,0
5.703783,5.755076
5.703783,5.755076
4.836282,0
0,0
0,0
0,0
0,0
0,0
6.109248,6.160541
6.109248,6.160541
6.109248,6.160541
6.109248,6.160541
4.836282,0
4.836282,0
0,0
6.907755,7.600903
6.907755,7.600903
6.907755,7.600903
6.907755,7.600903
0,0
6.472594,5.755076
6.472594,5.755076
5.075674,5.061929
0,0
0,0
6.109248,6.160541
6.109248,6.160541
6.109248,6.160541
6.109248,6.160541
0,0
0,0
0,0
0,0
5.676206,0
5.676206,0
6.907755,6.959049
6.907755,6.959049
6.907755,6.959049
6.907755,6.959049
6.907755,6.959049
6.907755,6.959049
6.907755,6.959049
6.907755,6.959049
6.109248,6.160541
6.109248,6.160541
6.109248,6.160541
6.109248,6.160541
5.998539,5.755076
5.998539,5.755076
0,0
0,0
0,0
0,0
5.676206,5.061929
0,5.061929
5.347107,5.398401
6.882438,6.959049
6.882438,6.959049
6.882438,6.959049
6.882438,6.959049
6.882438,6.959049
5.918894,0
5.918894,0
5.918894,0
5.703783,5.755076
5.703783,5.755076
5.824229,0
5.824229,0
5.824229,0
5.824229,0
5.532757,0
5.010635,5.061929
0,0
0,0
0,0
0,0
0,0
0,0
0,0
5.703783,5.755076
5.703783,5.755076
6.109248,6.160541
6.109248,6.160541
6.109248,6.160541
6.109248,6.160541
6.109248,6.160541
6.109248,6.160541
0,5.755076
0,5.755076
7.122189,5.755076
7.122189,5.755076
6.401469,7.787764
6.109248,6.160541
6.109248,6.160541
6.109248,6.160541
6.586172,8.006368
6.586172,8.006368
0,0
0,0
0,0
0,0
6.109248,6.160541
6.109248,6.160541
6.109248,6.160541
6.109248,6.160541
6.109248,6.160541
6.109248,6.160541
6.109248,6.160541
6.109248,6.160541
6.907755,6.959049
5.228324,0
5.228324,0
5.228324,0
5.228324,0
5.228324,0
5.228324,0
6.620073,8.006368
6.620073,8.006368
6.620073,8.006368
6.620073,8.006368
6.620073,8.006368
6.907755,6.959049
6.907755,6.959049
6.907755,6.959049
6.907755,6.959049
6.907755,6.959049
0,0
0,0
0,0
0,0
5.010635,6.39693
5.010635,6.39693
5.68358,7.069874
5.68358,7.069874
5.68358,7.069874
5.68358,7.069874
5.68358,7.069874
5.68358,7.069874
5.68358,7.069874
6.907755,6.959049
6.907755,6.959049
6.907755,6.959049
6.907755,6.959049
5.676206,5.755076
5.676206,5.755076
5.676206,5.755076
6.619806,8.006368
6.619806,8.006368
6.619806,8.006368
6.619806,8.006368
0,0
0,0
6.620073,8.006368
6.620073,8.006368
6.620073,8.006368
6.620073,8.006368
3.401197,0
3.401197,0
3.401197,0
3.401197,0
3.401197,0
5.852202,0
0,0
0,0
0,0
5.321057,0
5.321057,0
5.321057,0
5.321057,0
5.703783,5.755076
5.703783,5.755076
5.774551,5.825845
5.774551,5.825845
5.774551,5.825845
0,0
0,0
0,0
0,0
0,0
0,0
6.26957,7.702105
6.26957,7.702105
6.26957,7.702105
6.26957,7.702105
6.907755,6.959049
6.907755,6.959049
6.620073,8.006368
5.480639,0
5.480639,0
5.480639,0
5.480639,0
5.480639,0
6.620073,8.006368
6.620073,8.006368
6.620073,8.006368
6.109248,6.160541
6.109248,6.160541
6.109248,6.160541
6.109248,6.160541
6.109248,6.160541
6.109248,6.160541
6.109248,6.160541
6.109248,6.160541
6.109248,6.160541
6.109248,6.160541
6.109248,6.160541
0,0
0,0
0,0
6.109248,6.160541
6.109248,6.160541
6.109248,6.160541
6.109248,6.160541
5.858676,7.24497
6.907935,7.600903
6.907935,7.600903
6.907935,7.600903
6.907935,7.600903
6.620073,8.006368
6.620073,8.006368
5.294309,7.156956
5.294309,7.156956
6.907755,6.959049
6.907755,6.959049
6.907755,6.959049
5.989262,0
5.989262,0
0,0
0,0
0,0
0,0
0,0
0,0
0,0
0,0
6.372978,6.424272
6.372978,6.424272
6.372978,6.424272
5.518898,5.442418
0,5.061929
0,0
0,0
0,0
0,0
0,0
6.836635,6.887928
6.836635,6.887928
6.802395,6.853688
6.109248,6.160541
6.109248,6.160541
6.109248,6.160541
6.109248,6.160541
6.109248,6.160541
6.365267,6.41656
6.365267,6.41656
6.365267,6.41656
6.365267,6.41656
6.620073,8.006368
6.620073,8.006368
0,6.877296
5.154216,0
5.154216,0
5.154216,0
5.154216,0
5.154216,0
6.586172,8.006368
6.586172,8.006368
6.823765,6.160541
6.823765,6.160541
6.823765,6.160541
6.218202,0
6.218202,0
0,7.600903
0,7.600903
0,7.600903
0,7.600903
0,7.600903
0,7.600903
6.200184,0
6.200184,0
6.200184,0
6.200184,0
6.200184,0
5.198276,0
5.198276,0
5.991664,0
5.991664,0
5.991664,0
5.991664,0
0,3.592253
0,7.185387
6.907755,7.600903
6.907755,6.959049
6.907755,6.959049
6.907755,6.959049
6.907755,6.959049
6.907755,6.959049
6.907755,6.959049
5.527523,0
5.527523,0
5.527523,0
5.527523,0
6.907755,6.959049
6.872128,6.948998
6.907755,7.600903
6.907755,7.600903
6.907755,7.600903
0,6.618472
0,0
5.11247,0
6.907755,7.600903
6.907755,7.600903
6.907755,7.600903
5.703783,5.755076
5.703783,5.755076
5.010635,5.061929
0,0
6.907755,6.959049
6.907755,6.959049
6.109248,6.160541
6.109248,6.160541
6.109248,6.160541
6.109248,6.160541
0,0
4.836282,0
6.907755,6.959049
6.907755,6.959049
6.907755,6.959049
6.907755,6.959049
0,0
0,0
0,0
0,0
0,0
0,0
0,0
0,0
0,4.573082
0,5.362033
5.372497,0
5.372497,0
5.372497,0
5.372497,0
5.372497,0
6.200184,6.160541
6.200184,6.160541
6.200184,6.160541
6.200184,6.160541
0,0
0,0
4.787492,6.173786
4.787492,6.173786
4.787492,6.173786
4.787492,6.173786
4.787492,6.173786
6.141069,6.192362
0,0
0,0
0,0
0,0
0,0
3.73767,5.061929
5.749202,5.755076
0,0
6.476973,7.863267
6.476973,7.863267
6.476973,7.863267
5.902633,0
5.902633,0
5.902633,0
5.902633,0
6.109248,6.160541
6.109248,6.160541
6.109248,6.160541
6.109248,6.160541
6.109248,6.160541
4.718499,0
4.718499,0
6.109248,6.160541
6.109248,6.160541
6.109248,6.160541
6.109248,6.160541
6.109248,6.160541
6.044199,6.095492
6.044199,6.095492
6.044199,6.095492
6.044199,6.095492
6.044199,6.095492
6.044199,6.095492
6.586172,8.006368
6.586172,8.006368
6.371441,7.757735
0,0
0,0
0,0
0,0
6.907755,6.959049
6.907755,6.959049
6.907755,6.959049
6.907755,6.959049
6.907755,6.959049
0,6.160541
0,6.160541
0,6.160541
0,6.160541
6.497152,7.883446
6.497152,7.883446
6.497152,7.883446
5.010635,5.061929
6.907755,7.600903
6.907755,7.600903
6.907755,7.600903
6.55108,7.937375
6.55108,7.937375
6.55108,7.937375
6.907755,7.600903
6.907755,7.600903
6.907755,7.600903
6.907755,7.600903
0,0
0,0
0,0
5.955423,5.911367
6.882438,6.959049
6.882438,6.959049
6.882438,6.959049
6.620073,8.006368
6.620073,8.006368
6.620073,8.006368
6.620073,8.006368
6.842769,8.006368
6.842769,8.006368
6.842769,8.006368
6.842769,8.006368
0,0
0,0
6.907755,6.959049
6.907755,6.959049
6.907755,6.959049
6.907755,6.959049
6.907755,6.959049
6.907755,6.959049
6.907755,6.959049
6.907755,6.959049
6.109248,6.160541
6.109248,6.160541
6.109248,6.160541
6.109248,6.160541
6.109248,6.160541
6.109248,6.160541
6.109248,6.160541
6.109248,6.160541
6.586172,8.006368
6.586172,8.006368
6.586172,8.006368
6.620073,8.006368
6.620073,8.006368
6.620073,8.006368
6.620073,8.006368
0,0
0,0
0,0
0,0
0,0
0,0
0,0
6.620073,8.006368
6.620073,8.006368
0,0
0,0
6.620073,8.006368
6.620073,8.006368
6.620073,8.006368
6.620073,8.006368
6.620073,8.006368
0,0
6.620073,8.006368
6.802395,8.188689
0,0
0,0
0,0
0,5.061929
6.109248,6.160541
6.109248,6.160541
6.109248,6.160541
6.109248,6.160541
6.907755,7.600903
6.907755,7.600903
6.907755,7.600903
6.907755,7.600903
6.907755,7.600903
6.907755,7.600903
6.907755,7.600903
6.907755,7.600903
6.907755,7.600903
6.109248,6.160541
6.109248,6.160541
6.109248,6.160541
6.109248,6.160541
5.711089,5.061929
0,0
5.015954,0
5.703783,5.755076
5.703783,5.755076
6.109248,6.160541
6.109248,6.160541
6.109248,6.160541
6.109248,6.160541
5.855989,5.061929
6.620073,8.006368
6.620073,8.006368
6.620073,8.006368
6.620073,8.006368
6.620073,8.006368
2.890372,2.941665
2.890372,2.941665
6.55108,7.937375
6.55108,7.937375
6.55108,7.937375
6.907755,6.959049
6.907755,6.959049
6.907755,6.959049
6.907755,6.959049
6.907755,6.959049
0,5.755076
6.052089,6.160541
6.052089,6.160541
6.052089,6.160541
6.052089,6.160541
6.109248,6.160541
6.109248,6.160541
6.109248,6.160541
5.010635,5.061929
0,0
0,0
0,0
0,0
6.200184,0
6.200184,0
6.200184,0
6.200184,0
6.200184,0
6.200184,0
6.200184,0
6.200184,0
6.907755,6.959049
6.907755,6.959049
6.907755,6.959049
6.907755,6.959049
6.907755,6.959049
6.907755,6.959049
5.154216,0
5.154216,0
5.154216,0
6.620073,8.006368
6.109248,8.006368
6.684612,6.735905
6.684612,6.735905
6.684612,6.735905
6.684612,6.735905
6.684612,6.735905
5.521461,5.572754
6.620073,8.006368
6.620073,8.006368
6.620073,8.006368
6.620073,7.313221
0,0
0,0
0,0
0,0
5.010635,5.061929
5.352806,5.061929
5.703783,5.755076
5.703783,5.755076
6.468878,0
6.468878,0
6.468878,0
6.468878,0
6.468878,0
5.703783,5.755076
5.703783,5.755076
5.504844,5.061929
6.109248,6.160541
6.109248,6.160541
6.109248,6.160541
5.010635,5.061929
6.109248,6.160541
5.010635,5.061929
6.263398,7.649693
6.109248,6.160541
6.109248,6.160541
6.109248,6.160541
6.109248,6.160541
6.907755,6.959049
6.907755,6.959049
0,0
6.907755,6.959049
6.828582,0
6.828582,0
6.476973,6.528265
6.476973,6.528265
6.476973,6.528265
6.476973,6.528265
6.907755,6.959049
6.907755,6.959049
6.907755,6.959049
5.189618,0
5.893411,5.755076
5.893411,5.755076
0,0
0,0
0,0
0,0
6.586172,8.006368
6.586172,8.006368
6.586172,8.006368
6.907755,7.600903
6.907755,7.600903
6.611073,7.344202
6.611073,7.344202
6.611073,6.160541
6.611073,6.160541
0,0
0,0
0,0
6.620073,8.006368
6.620073,8.006368
6.620073,8.006368
6.620073,8.006368
6.620073,8.006368
6.620073,8.006368
6.907555,6.959049
6.907555,6.959049
6.907555,6.959049
6.756816,6.808109
6.756816,6.808109
6.756816,6.808109
0,0
0,0
0,0
0,0
0,0
0,0
0,0
0,0
0,0
0,0
6.766191,6.817485
6.052089,6.160541
6.052089,6.160541
6.052089,6.160541
6.052089,6.160541
6.052089,6.160541
4.836282,0
6.907755,7.600903
6.907755,7.600903
6.907755,7.600903
6.907755,7.600903
6.907755,7.600903
6.907755,7.600903
7.122189,5.755076
7.122189,5.755076
5.010635,5.061929
6.907755,6.959049
6.907755,6.959049
6.907755,6.959049
0,5.061929
0,0
0,0
0,0
6.612955,7.999249
5.703783,7.090077
5.703783,7.090077
5.703783,7.090077
6.123589,6.174882
6.123589,6.174882
6.123589,6.174882
6.123589,6.174882
5.416101,5.467394
6.802395,6.853688
6.802395,6.853688
6.620073,8.006368
6.907755,7.600903
6.907755,7.600903
5.741848,4.49981
5.741848,0
4.836282,0
5.913449,5.755076
5.913449,5.755076
0,0
5.418764,0
6.620073,8.006368
5.749202,5.755076
6.372978,6.424272
6.346478,0
6.907755,6.959049
3.401197,0
0,0
0,0
6.620073,8.006368
5.749202,5.755076
0,0
0,0
6.200184,0
6.907755,7.600903
0,0
5.703783,7.090077
0,0
6.109248,6.160541
0,0
0,0
6.907555,6.959049
6.620073,8.006368
0,0
0,0
0,0
0,0
0,5.755076
0,5.755076
0,0
0,0
0,0
0,0
0,0
6.620073,8.006368
6.907755,6.959049
6.907755,6.959049
0,6.866933
0,5.061929
0,0
0,0
0,0
2.484907,0
6.761573,6.160541
6.761573,6.160541
6.761573,6.160541
6.761573,6.160541
0,6.160541
0,6.160541
6.109248,6.160541
6.109248,6.160541
6.109248,6.160541
5.991465,6.042758
5.991465,6.042758
6.109248,6.160541
6.109248,6.160541
6.109248,6.160541
5.010635,5.061929
0,0
0,0
0,0
0,0
0,0
0,0
0,0
5.970139,0
5.970139,0
5.970139,0
5.970139,0
5.970139,0
6.109248,6.160541
6.109248,6.160541
6.240744,0
6.240744,0
6.240744,0
6.240744,0
5.703783,5.755076
5.703783,5.755076
5.010635,5.061929
6.471356,5.771441
6.471356,5.771441
6.471356,5.771441
6.471356,5.771441
6.109248,6.160541
6.109248,6.160541
6.109248,6.160541
6.109248,6.160541
6.109248,6.160541
6.109248,6.160541
6.109248,6.160541
6.109248,6.160541
0,0
7.06732,6.675624
7.06732,6.675624
7.06732,6.675624
7.06732,6.675624
6.907755,7.600903
5.009835,0
5.009835,0
3.401197,0
3.401197,0
3.401197,0
3.401197,0
3.401197,0
6.907755,6.959049
6.620073,8.006368
6.620073,8.006368
6.620073,8.006368
6.109248,6.160541
6.109248,6.160541
6.109248,6.160541
6.537792,6.282464
6.620073,8.006368
6.620073,8.006368
6.620073,8.006368
6.235587,6.28688
6.235587,6.28688
6.235587,6.28688
6.235587,6.28688
6.235587,6.28688
6.907755,6.959049
6.907755,6.959049
6.907755,6.959049
6.907755,6.959049
0,5.714254
4.959693,5.010986
4.959693,5.010986
0,0
0,0
0,0
0,0
4.992878,0
4.992878,0
4.992878,0
4.992878,0
5.172754,5.224048
5.172754,5.224048
5.172754,5.224048
0,0
0,0
0,0
0,0
0,0
0,0
0,0
6.471356,0
6.471356,0
6.471356,0
6.471356,0
6.471356,0
5.810392,7.196687
5.810392,7.196687
5.810392,7.196687
5.810392,7.196687
5.810392,7.196687
5.810392,7.196687
5.810392,7.196687
5.810392,7.196687
5.731462,0
5.731462,0
7.080969,0
7.080969,0
7.080969,0
7.080969,0
0,8.006368
6.907755,6.959049
6.907755,6.959049
6.907755,6.959049
3.809326,0
3.809326,0
0,0
0,0
0,0
6.907755,6.959049
6.907755,6.959049
6.907755,6.959049
6.907755,6.959049
6.907755,6.959049
6.907755,6.959049
6.907755,6.959049
6.907755,6.959049
6.620073,8.006368
6.620073,8.006368
0,7.600903
0,7.600903
0,7.600903
0,6.160541
0,6.160541
0,6.160541
0,6.160541
6.384047,0
6.384047,0
6.384047,0
6.907755,6.959049
0,0
6.437399,0
0,0
0,0
6.437399,0
0,0
6.109248,6.160541
6.109248,6.160541
6.109248,6.160541
6.109248,6.160541
6.109248,6.160541
6.109248,6.160541
6.148468,0
6.148468,0
6.148468,0
6.148468,0
4.032469,0
0,0
0,0
5.646683,7.032977
5.646683,7.032977
5.646683,7.032977
5.879527,0
5.879527,0
5.879527,0
0,0
6.620073,8.006368
0,0
0,0
0,0
0,0
0,0
0,0
0,0
6.109248,6.160541
6.109248,6.160541
6.109248,6.160541
6.109248,6.160541
6.109248,6.160541
6.109248,6.160541
6.109248,6.160541
6.368736,5.755076
6.368736,5.755076
6.651572,5.755076
6.651572,5.755076
6.55108,7.937375
6.55108,7.937375
6.55108,7.937375
6.55108,7.937375
6.55108,7.937375
6.55108,7.937375
6.55108,7.937375
6.031934,0
6.031934,0
6.183674,6.160541
6.183674,6.160541
6.183674,6.160541
6.620073,8.006368
6.620073,8.006368
6.620073,8.006368
6.620073,8.006368
6.620073,8.006368
0,0
0,0
0,0
0,0
0,6.804848
0,6.804848
0,6.804848
0,6.804848
0,6.804848
0,0
0,0
6.907755,6.959049
6.907755,6.959049
6.907755,6.959049
6.907755,6.959049
6.907755,6.959049
6.907755,6.959049
6.907755,6.959049
6.907755,6.959049
6.254329,0
6.254329,0
6.254329,0
6.254329,0
6.55108,7.937375
6.620073,8.006368
6.620073,8.006368
6.620073,8.006368
6.620073,8.006368
6.620073,8.006368
4.945919,4.997212
4.945919,4.997212
4.945919,4.997212
4.945919,4.997212
4.945919,4.997212
6.109248,6.160541
6.109248,6.160541
6.109248,6.160541
2.960105,3.011398
2.960105,3.011398
2.960105,3.011398
2.960105,3.011398
2.960105,3.011398
6.907755,7.600903
6.907755,7.600903
6.907755,7.600903
5.294309,0
5.294309,0
5.294309,0
4.992878,0
4.992878,0
6.620073,8.006368
6.620073,8.006368
6.620073,8.006368
6.620073,8.006368
6.109248,6.160541
6.109248,6.160541
6.109248,6.160541
5.349961,5.401254
5.349961,5.401254
5.349961,5.401254
5.349961,5.401254
6.620073,8.006368
6.620073,8.006368
0,8.006368
0,8.006368
0,8.006368
0,8.006368
0,8.006368
6.507039,5.755076
5.928099,5.755076
6.507039,5.755076
0,8.006368
0,8.006368
0,8.006368
0,8.006368
6.109248,6.160541
6.109248,6.160541
6.109248,6.160541
6.109248,6.160541
0,0
0,0
0,0
0,0
0,0
0,6.635421
0,6.984716
0,6.984716
0,6.984716
6.109248,6.160541
6.109248,6.160541
6.109248,6.160541
6.109248,6.160541
6.109248,6.160541
6.109248,6.160541
6.867558,7.560705
6.867558,7.560705
6.867558,7.560705
6.867558,7.560705
6.656212,0
6.656212,0
6.656212,0
0,6.160541
0,6.160541
0,6.160541
0,6.160541
6.907755,6.959049
6.907755,6.959049
6.907755,6.959049
6.337321,0
6.337321,0
6.476973,6.528265
6.476973,6.528265
6.109248,6.160541
6.907755,6.959049
6.907755,6.959049
6.47148,5.755076
6.47148,5.755076
5.010635,5.061929
6.620073,8.006368
6.620073,8.006368
6.620073,8.006368
6.620073,8.006368
6.620073,8.006368
6.620073,8.006368
4.526127,0
4.526127,0
0,5.243861
0,5.243861
6.802395,6.853688
6.802395,6.853688
6.802395,6.853688
6.802395,6.853688
6.802395,6.853688
6.802395,6.853688
6.471356,6.160541
6.471356,6.160541
6.471356,6.160541
5.671328,0
5.98202,5.799093
5.98202,5.799093
6.819711,0
6.819711,0
0,5.061929
0,0
0,0
6.210821,7.597116
6.210821,7.597116
6.210821,7.597116
5.703783,5.755076
5.703783,5.755076
4.510859,0
4.510859,0
4.510859,0
6.620073,8.006368
6.620073,8.006368
5.671328,5.061929
6.620073,8.006368
6.620073,8.006368
6.620073,8.006368
5.753049,5.804342
5.753049,5.804342
5.753049,5.804342
6.23973,0
6.23973,0
6.23973,0
6.109248,6.160541
6.109248,6.160541
6.815157,0
6.815157,0
6.815157,0
5.010635,5.061929
5.735281,5.755076
5.735281,5.755076
5.773309,7.034916
5.773309,7.034916
0,6.721172
2.890372,0
5.089077,5.061929
6.160574,6.211867
6.160574,6.211867
6.160574,6.211867
0,0
0,0
0,0
0,0
0,0
0,0
6.907755,6.959049
6.907755,6.959049
6.907755,6.959049
6.907755,6.959049
6.907755,6.959049
0,0
6.39693,7.090077
6.39693,7.090077
4.822859,0
4.822859,0
4.822859,0
6.907755,6.959049
6.907755,6.959049
6.347144,7.733438
5.420535,6.536633
5.420535,6.536633
5.420535,6.536633
5.420535,6.536633
6.109248,6.160541
6.109248,6.160541
6.109248,6.160541
6.109248,6.160541
5.783825,5.835118
5.783825,5.835118
5.783825,5.835118
6.206979,0
6.206979,0
6.206979,0
5.010635,5.061929
0,0
0,0
6.66899,0
6.66899,0
6.66899,0
6.66899,0
0,7.532195
0,5.061929
6.620073,8.006368
6.620073,8.006368
6.620073,8.006368
6.620073,8.006368
0,0
0,6.818751
0,6.818751
0,6.818751
0,6.818751
0,6.818751
0,6.818751
0,6.818751
0,6.818751
0,4.884316
0,5.061929
0,0
0,0
0,0
0,0
0,0
0,0
0,0
0,0
0,0
6.030685,0
6.030685,0
6.030685,0
6.030685,0
2.890372,0
6.030685,0
6.109248,6.160541
6.109248,6.160541
6.109248,6.160541
6.109248,6.160541
5.8925,7.278795
5.8925,7.278795
5.8925,7.278795
5.8925,7.278795
5.010635,5.061929
6.620007,6.6713
6.620007,6.6713
6.109248,6.160541
6.109248,6.160541
6.109248,6.160541
0,6.160541
0,6.160541
0,6.160541
4.268298,0
4.564348,0
5.594116,5.061929
5.869636,0
5.869636,0
5.869636,0
5.869636,0
6.745236,6.79653
6.152051,0
6.152051,0
6.152051,0
0,0
0,0
0,0
0,0
5.713733,0
5.713733,0
0,5.768321
6.109248,6.160541
6.109248,6.160541
6.109248,6.160541
6.109248,6.160541
6.109248,6.160541
6.109248,6.160541
6.907755,6.959049
5.379713,0
5.379713,0
5.379713,0
6.620073,8.006368
6.620073,8.006368
6.620073,8.006368
6.620073,8.006368
6.620073,8.006368
6.649632,6.700925
6.649632,6.700925
6.649632,6.700925
5.703783,5.755076
5.703783,5.755076
5.875043,0
5.875043,0
5.875043,0
5.369708,0
5.369708,0
5.369708,0
5.369708,0
0,6.160541
0,6.160541
6.772966,6.824259
6.772966,6.824259
6.772966,6.824259
6.19461,6.245903
6.19461,6.245903
6.934592,0
6.934592,0
5.97269,5.046476
5.703783,5.755076
5.703783,5.755076
6.907755,7.600903
6.907755,7.600903
0,7.091243
5.752573,7.138867
5.703783,6.160541
5.703783,6.160541
5.703783,6.160541
5.703783,6.160541
5.703783,6.160541
6.620073,8.006368
6.620073,8.006368
6.620073,8.006368
6.620073,8.006368
6.620073,8.006368
6.109248,6.160541
6.109248,6.160541
6.109248,6.160541
6.620073,8.006368
6.620073,8.006368
6.620073,8.006368
6.620073,8.006368
0,0
0,0
0,0
6.109248,6.160541
6.109248,6.160541
6.109248,6.160541
5.010635,6.160541
5.010635,6.160541
5.010635,6.160541
6.030685,0
6.030685,0
6.030685,0
6.030685,0
5.703783,5.755076
5.703783,5.755076
0,7.391662
6.109248,6.160541
6.109248,6.160541
6.109248,6.160541
6.109248,6.160541
6.109248,6.160541
7.006478,7.976801
7.006478,7.976801
7.006478,7.976801
7.006478,7.976801
0,0
6.510258,7.896553
6.510258,7.896553
6.510258,7.896553
5.010635,5.061929
6.620073,8.006368
6.620073,8.006368
6.620073,8.006368
6.620073,8.006368
6.620073,8.006368
5.702181,0
5.702181,0
5.702181,0
6.620073,8.006368
6.620073,8.006368
6.620073,8.006368
6.620073,8.006368
0,0
0,0
0,0
0,0
6.357409,7.743703
6.357409,7.743703
6.223171,7.609466
6.223171,7.609466
6.223171,7.609466
0,7.600903
0,7.600903
0,7.600903
2.890372,0
2.890372,0
2.890372,0
5.010635,5.061929
5.273,0
5.273,0
5.273,0
5.273,0
5.273,0
6.907755,6.959049
6.907755,6.959049
6.383507,6.4348
6.383507,6.4348
0,0
0,0
0,0
6.815157,0
0,0
0,0
0,5.714254
6.907755,7.600903
0,0
0,6.160541
6.109248,6.160541
5.977771,5.755076
5.977771,5.755076
0,0
0,0
0,0
0,0
0,0
6.620073,8.006368
6.620073,8.006368
6.620073,8.006368
6.620073,8.006368
6.907755,7.600903
6.907755,7.600903
6.907755,7.600903
6.907755,7.600903
6.287598,0
6.287598,0
6.287598,0
6.287598,0
6.287598,0
6.287598,0
6.287598,0
0,0
6.745236,6.79653
0,0
6.384047,0
5.879527,0
6.620073,8.006368
4.959693,5.010986
0,0
6.109248,6.160541
5.010635,5.061929
5.98202,5.799093
6.907755,6.959049
6.152051,0
0,0
5.810392,7.196687
6.907755,6.959049
6.109248,6.160541
0,6.160541
6.109248,6.160541
6.819711,0
6.907755,6.959049
5.753049,5.804342
0,0
0,0
6.907755,6.959049
5.928099,5.755076
6.532596,0
6.532596,0
5.783825,5.835118
6.761573,6.160541
6.620073,8.006368
6.471356,5.771441
0,6.635421
0,0
0,6.160541
5.010635,6.160541
0,0
4.510859,0
0,0
6.109248,6.160541
2.890372,0
0,0
7.080969,0
6.907755,6.959049
6.907755,6.959049
6.907755,6.959049
4.945919,4.997212
6.030685,0
6.620073,8.006368
5.752573,7.138867
6.109248,6.160541
6.109248,6.160541
6.819711,0
6.109248,6.160541
6.160574,6.211867
5.991465,6.042758
5.991465,6.042758
6.907755,6.959049
6.907755,6.959049
6.311226,6.966024
6.311226,6.966024
5.634933,0
5.634933,0
5.634933,0
5.634933,0
6.264845,0
6.264845,0
6.264845,0
6.264845,0
3.883624,3.934917
3.883624,3.934917
3.883624,3.934917
3.883624,3.934917
3.883624,3.934917
6.015181,5.734873
6.015181,5.734873
6.015181,5.734873
6.015181,5.734873
0,6.907755
0,0
0,0
0,0
6.232605,6.2643
6.232605,6.2643
5.903944,0
5.903944,0
4.094345,0
4.094345,0
5.703783,5.755076
5.703783,5.755076
0,0
0,0
0,0
6.907755,7.600903
6.907755,7.600903
6.907755,7.600903
5.039806,0
5.039806,0
5.259992,0
5.259992,0
5.752731,5.804342
5.010635,5.061929
5.762052,7.148346
0,5.991465
5.762052,7.148346
5.703783,5.755076
5.703783,5.755076
6.109248,6.160541
6.109248,6.160541
6.109248,6.160541
6.109248,6.160541
6.109248,6.160541
6.620073,8.006368
6.620073,8.006368
6.620073,8.006368
6.109248,6.160541
6.109248,6.160541
6.109248,6.160541
6.109248,6.160541
5.342525,5.061929
0,6.160541
0,6.160541
0,6.160541
6.54002,7.926314
6.54002,7.926314
6.54002,7.926314
6.109248,6.160541
6.109248,6.160541
6.109248,6.160541
6.109248,6.160541
5.655992,4.646413
5.655992,4.646413
5.655992,4.646413
5.655992,4.646413
5.655992,4.646413
5.655992,4.646413
6.109248,6.160541
6.109248,6.160541
6.109248,6.160541
6.109248,6.160541
6.109248,6.160541
6.109248,6.160541
0,6.160541
0,6.160541
0,6.160541
6.460843,6.512136
6.462249,7.155396
5.315371,0
5.315371,0
6.100677,0
6.100677,0
6.100677,0
6.100677,0
6.100677,0
6.100677,0
6.507277,7.893572
6.507277,7.893572
6.507277,7.893572
6.507277,7.893572
5.156178,6.542472
5.156178,6.542472
5.156178,6.542472
5.156178,6.542472
5.156178,6.542472
0,6.679335
0,6.679335
0,6.679335
5.010635,6.160541
6.109248,6.160541
6.109248,6.160541
6.109248,6.160541
6.109248,6.160541
6.109248,6.160541
6.109248,6.160541
6.109248,6.160541
3.401197,0
6.620073,8.006368
6.620073,8.006368
6.620073,8.006368
0,0
0,0
0,0
6.109248,6.160541
6.109248,6.160541
6.109248,6.160541
6.109248,6.160541
6.401171,7.787465
6.401171,7.787465
6.401171,7.787465
5.030438,0
5.010635,6.160541
5.010635,6.160541
5.010635,6.160541
5.010635,6.160541
5.010635,6.160541
5.010635,6.160541
5.010635,6.160541
5.010635,5.755076
5.010635,5.755076
0,0
0,0
0,0
0,0
6.907755,6.959049
6.907755,6.959049
6.907755,6.959049
6.907755,6.959049
6.907755,6.959049
6.907755,6.959049
5.482637,0
6.109248,6.160541
6.109248,6.160541
6.109248,6.160541
6.109248,6.160541
6.109248,6.160541
6.620073,8.006368
6.620073,8.006368
6.620073,8.006368
6.620073,8.006368
0,6.160541
0,6.160541
0,6.160541
6.461468,6.512762
6.461468,6.512762
6.461468,6.512762
6.461468,6.512762
6.461468,6.512762
6.109248,6.160541
6.109248,6.160541
6.109248,6.160541
4.822859,0
4.822859,0
5.042134,0
5.042134,0
5.042134,0
5.042134,0
5.042134,0
0,0
0,0
0,0
0,0
0,0
0,0
0,0
0,0
0,0
0,0
0,8.006368
6.109248,6.160541
6.109248,6.160541
6.109248,6.160541
0,0
0,0
0,0
0,6.160541
0,6.160541
0,6.160541
0,6.160541
0,6.160541
0,6.160541
0,6.160541
6.268187,5.755076
6.907755,7.600903
6.907755,7.600903
6.907755,7.600903
6.907755,7.600903
5.632071,0
0,0
5.632071,0
5.632071,0
5.632071,0
5.632071,0
6.907755,6.959049
6.907755,6.959049
6.907755,6.959049
0,5.755076
6.109248,6.160541
6.109248,6.160541
6.109248,6.160541
0,5.755076
0,0
0,0
3.039749,4.426044
3.039749,4.426044
3.039749,4.426044
3.039749,4.426044
5.941959,5.755076
5.941959,5.755076
5.126342,0
5.126342,0
5.126342,0
5.126342,0
5.010635,6.160541
5.010635,6.160541
5.010635,6.160541
5.010635,6.160541
6.109248,6.160541
6.109248,6.160541
6.109248,6.160541
6.109248,6.160541
6.109248,6.160541
6.109248,6.160541
6.109248,6.160541
5.259992,0
5.259992,0
5.259992,0
5.259992,0
5.703783,5.755076
0,0
6.07507,6.560323
6.07507,6.560323
7.163699,8.006368
7.163699,8.006368
7.163699,8.006368
6.907755,7.600903
6.907755,7.600903
6.907755,7.600903
6.907755,7.600903
6.109248,6.160541
6.109248,6.160541
6.109248,6.160541
4.457134,0
4.457134,0
4.457134,0
6.708963,6.160541
6.708963,6.160541
6.708963,6.160541
6.708963,6.160541
6.370175,0
6.109248,6.160541
6.109248,6.160541
6.109248,6.160541
0,0
0,0
0,0
0,0
5.010635,6.160541
5.010635,6.160541
5.010635,6.160541
5.010635,6.160541
5.010635,6.160541
6.276455,6.969603
5.377498,0
5.377498,0
5.377498,0
5.377498,0
5.377498,0
5.377498,0
5.898527,5.94982
0,0
0,0
0,0
0,0
0,0
0,0
0,0
0,0
6.620073,8.006368
6.620073,8.006368
5.163185,6.160541
5.163185,6.160541
5.163185,6.160541
5.163185,6.160541
6.620073,8.006368
6.620073,8.006368
6.620073,8.006368
6.620073,8.006368
6.620073,8.006368
6.620073,8.006368
6.620073,8.006368
6.620073,8.006368
6.436151,5.741653
6.436151,5.741653
6.436151,5.741653
6.436151,5.741653
6.436151,5.741653
6.55108,6.602374
6.55108,6.602374
6.55108,6.602374
6.55108,6.602374
6.55108,6.602374
6.907755,7.600903
6.907755,7.600903
6.907755,7.600903
6.115627,6.160541
6.115627,6.160541
6.115627,6.160541
6.109248,6.160541
0,0
0,0
0,0
0,0
0,0
6.620073,8.006368
6.620073,8.006368
5.827062,0
5.827062,0
6.620073,8.006368
6.620073,8.006368
0,0
0,0
5.567428,0
5.567428,0
5.703783,5.755076
5.703783,5.755076
6.343529,7.729823
6.343529,7.729823
6.343529,7.729823
5.259992,0
5.259992,0
5.029653,0
5.029653,0
5.029653,0
6.767757,6.160541
6.767757,6.160541
6.767757,6.160541
5.259992,0
5.259992,0
5.259992,0
0,0
6.620073,8.006368
5.259992,0
5.259992,0
5.259992,0
5.703783,5.755076
5.703783,5.755076
5.204007,6.590301
5.204007,6.590301
5.204007,6.590301
6.109248,6.160541
6.109248,6.160541
6.109248,6.160541
6.109248,6.160541
6.109248,6.160541
6.109248,6.160541
6.109248,6.160541
6.109248,6.160541
6.109248,6.160541
6.109248,6.160541
6.109248,6.160541
0,5.928188
6.709304,6.760598
6.709304,6.760598
6.709304,6.760598
6.709304,6.760598
6.709304,6.760598
6.709304,6.760598
4.393214,4.444507
4.393214,4.444507
4.393214,4.444507
0,7.600903
0,7.600903
0,0
0,0
0,0
5.283711,5.335004
5.283711,5.335004
0,0
0,0
6.620073,8.006368
6.620073,8.006368
6.620073,8.006368
6.620073,8.006368
6.620073,8.006368
6.620073,8.006368
6.620073,8.006368
6.907755,6.959049
6.109248,6.160541
6.109248,6.160541
6.109248,6.160541
0,0
0,0
0,0
0,6.160541
0,6.160541
0,6.160541
0,6.160541
0,6.160541
5.444493,0
5.444493,0
3.178054,0
3.178054,0
6.021509,6.918102
5.753049,6.446196
5.753049,6.446196
6.620073,8.006368
6.620073,8.006368
6.620073,8.006368
6.620073,8.006368
6.620073,8.006368
6.620073,8.006368
6.620073,8.006368
6.620073,8.006368
6.620073,8.006368
5.285232,0
5.285232,0
5.285232,0
4.97231,0
4.97231,0
4.97231,0
6.109248,6.160541
6.109248,6.160541
6.109248,6.160541
6.109248,6.160541
0,0
0,0
5.572838,6.959049
5.572838,6.959049
5.572838,6.959049
5.572838,6.959049
4.668708,0
4.668708,0
4.668708,0
4.668708,0
4.668708,0
4.668708,0
4.668708,0
4.668708,0
4.668708,0
4.668708,0
6.907755,6.959049
6.907755,6.959049
6.907755,6.959049
6.907755,6.959049
6.907755,6.959049
6.620073,8.006368
6.109248,6.160541
6.109248,6.160541
6.109248,6.160541
6.620073,8.006368
6.50354,6.569703
6.50354,6.569703
5.857819,5.755076
5.857819,5.755076
6.109248,6.160541
6.109248,6.160541
6.109248,6.160541
6.907755,6.959049
6.907755,6.959049
6.109248,6.160541
6.109248,6.160541
6.109248,6.160541
6.109248,6.160541
6.109248,6.160541
6.109248,6.160541
5.615461,5.061929
6.094923,7.481217
6.094923,7.481217
6.094923,7.481217
6.094923,7.481217
6.094923,7.481217
6.094923,7.481217
6.094923,7.481217
6.094923,7.481217
6.094923,7.481217
6.094923,7.481217
5.986854,0
5.743003,0
5.743003,0
6.148468,0
5.743003,0
5.743003,0
6.701961,5.755076
6.701961,5.755076
6.476973,7.863267
6.476973,7.863267
6.476973,7.863267
6.907755,6.959049
6.109248,6.160541
6.109248,6.160541
6.109248,6.160541
6.109248,6.160541
0,5.755076
0,5.755076
6.109248,6.160541
6.109248,6.160541
6.109248,6.160541
6.109248,6.160541
6.109248,6.160541
6.109248,6.160541
6.603266,7.989561
6.603266,7.989561
6.603266,7.989561
6.603266,7.989561
6.907755,6.959049
6.907755,6.959049
6.907755,6.959049
6.907755,6.959049
6.907755,6.959049
6.907755,6.959049
6.907755,6.959049
6.907755,6.959049
6.408595,6.293789
5.933306,5.929029
5.933306,5.929029
5.933306,5.929029
5.933306,5.929029
6.907755,6.959049
6.907755,6.959049
6.907755,6.959049
6.907755,6.959049
6.907755,6.959049
6.907755,6.959049
6.907755,6.959049
6.907755,6.959049
6.907755,6.959049
6.907755,6.959049
0,0
0,0
0,0
6.262826,7.649121
6.262826,7.649121
6.262826,7.649121
5.72984,0
5.72984,0
5.72984,0
5.010635,6.160541
5.010635,6.160541
5.010635,6.160541
5.010635,6.160541
0,0
0,0
0,0
0,0
6.620073,8.006368
6.620073,8.006368
5.703783,6.160541
5.703783,6.160541
5.560835,0
6.907755,6.959049
6.907755,6.959049
6.620073,8.006368
6.620073,8.006368
6.620073,8.006368
6.620073,8.006368
5.593967,5.061929
5.766538,0
5.766538,0
6.109248,6.160541
6.109248,6.160541
6.109248,6.160541
6.109248,6.160541
6.620073,8.006368
6.620073,8.006368
6.620073,8.006368
0,0
0,0
0,0
6.109248,6.160541
6.109248,6.160541
0,7.37149
0,7.37149
0,7.37149
0,7.37149
0,7.37149
0,7.37149
0,0
0,0
0,0
4.094345,0
4.094345,0
5.094976,0
5.094976,0
5.094976,0
5.094976,0
5.094976,0
6.620073,8.006368
6.620073,8.006368
6.620073,8.006368
6.620073,8.006368
5.145166,0
5.703783,5.755076
5.703783,5.755076
6.907755,7.600903
6.907755,7.600903
5.046517,0
6.907755,6.959049
6.907755,6.959049
6.907755,6.959049
6.907755,6.959049
5.436556,0
5.436556,0
5.436556,0
6.579251,7.965546
6.579251,7.965546
6.579251,7.965546
6.907755,7.600903
6.907755,7.600903
6.907755,7.600903
6.907755,7.600903
5.943534,0
0,0
5.160491,5.467394
5.160491,5.467394
5.160491,5.467394
0,4.420108
5.757007,0
5.757007,0
5.757007,0
5.757007,0
5.470083,0
5.470083,0
5.470083,0
0,6.160541
0,6.160541
0,6.448223
6.620073,8.006368
6.620073,8.006368
6.109248,6.160541
6.109248,6.160541
6.109248,6.160541
6.109248,6.160541
5.269815,6.656109
6.907755,7.600903
6.907755,7.600903
6.907755,7.600903
6.907755,7.600903
6.907755,7.600903
6.907755,7.600903
6.907755,7.600903
6.620073,8.006368
6.620073,8.006368
6.620073,8.006368
6.620073,8.006368
5.703783,5.755076
5.703783,5.755076
6.907755,6.959049
6.907755,6.959049
6.109248,6.160541
6.109248,6.160541
6.109248,6.160541
6.109248,6.160541
0,0
0,0
0,0
0,0
0,0
0,0
6.050488,0
6.050488,0
5.88566,0
5.88566,0
5.88566,0
5.88566,0
5.88566,0
0,0
0,0
5.703783,6.160541
5.703783,6.160541
5.703783,6.160541
6.704414,0
6.704414,0
6.704414,0
5.703783,5.755076
5.703783,5.755076
6.109248,6.160541
6.109248,6.160541
6.109248,6.160541
6.620073,8.006368
6.620073,8.006368
6.620073,8.006368
5.957701,0
5.957701,0
5.957701,0
5.957701,0
6.907755,7.600903
6.907755,7.600903
6.109248,6.160541
6.109248,6.160541
6.109248,6.160541
5.703783,5.755076
5.703783,5.755076
4.094345,0
6.49224,5.781393
6.49224,5.781393
6.49224,5.781393
5.482637,0
6.055495,7.44179
6.055495,7.44179
6.055495,7.44179
6.055495,7.44179
6.055495,7.44179
6.055495,7.44179
0,8.006368
6.620073,8.006368
6.620073,8.006368
6.620073,8.006368
6.620073,8.006368
6.620073,8.006368
0,0
0,0
0,0
0,0
0,0
0,0
0,0
0,0
0,0
6.119022,5.755076
6.119022,5.755076
5.285232,0
5.285232,0
5.285232,0
5.285232,0
6.620073,8.006368
6.620073,8.006368
6.620073,8.006368
6.620073,8.006368
6.620073,8.006368
6.313548,6.160541
6.907755,6.959049
6.907755,6.959049
6.907755,6.959049
6.907755,6.959049
6.907755,6.959049
6.907755,6.959049
6.067036,7.45333
6.067036,7.45333
6.067036,7.45333
6.067036,7.45333
6.067036,7.45333
6.067036,7.45333
6.067036,7.45333
6.067036,7.45333
6.874819,8.006368
6.874819,8.006368
6.874819,8.006368
6.874819,8.006368
6.243312,0
6.243312,0
6.243312,0
6.841616,8.006368
6.841616,8.006368
5.267652,0
5.267652,0
5.267652,0
5.267652,0
6.907755,6.959049
6.907755,6.959049
6.907755,6.959049
6.717563,0
6.717563,0
6.717563,0
6.717563,0
6.717563,0
5.56268,5.061929
5.969474,6.020768
5.969474,6.020768
6.265776,6.31707
6.174827,7.561121
6.174827,7.561121
6.174827,7.561121
6.174827,7.561121
6.500689,7.886983
6.500689,7.886983
6.500689,7.886983
6.500689,7.886983
6.163736,0
6.163736,0
6.163736,0
6.163736,0
6.690892,0
6.690892,0
6.690892,0
6.690892,0
6.690892,0
6.109248,6.160541
6.109248,6.160541
6.109248,6.160541
6.109248,6.160541
6.907755,7.600903
6.907755,7.600903
6.907755,7.600903
6.907755,7.600903
6.907755,7.600903
6.109248,6.160541
6.109248,6.160541
6.109248,6.160541
6.620073,8.006368
5.703783,5.755076
5.703783,5.755076
4.094345,0
4.094345,0
4.094345,0
4.094345,0
0,0
0,0
0,0
0,0
0,0
5.796544,0
0,0
0,0
0,0
0,0
0,0
0,0
0,0
0,0
0,0
0,0
0,0
5.703783,5.755076
5.703783,5.755076
0,0
0,0
0,0
0,0
0,0
0,0
0,0
0,0
5.010635,5.061929
5.33001,0
5.33001,0
5.33001,0
5.33001,0
5.33001,0
5.33001,0
5.33001,0
6.109248,6.160541
6.109248,6.160541
6.109248,6.160541
4.97231,0
4.97231,0
4.97231,0
6.109248,6.160541
6.109248,6.160541
6.109248,6.160541
6.109248,6.160541
6.109248,6.160541
6.620073,8.006368
5.796544,0
0,0
0,0
0,0
0,0
0,0
6.907755,6.959049
3.178054,0
0,0
0,0
0,8.006368
0,8.006368
0,8.006368
5.029653,0
6.476973,7.863267
6.109248,6.160541
6.055495,7.44179
5.126342,0
0,0
6.109248,6.160541
4.668708,0
5.145166,0
6.907755,7.600903
4.094345,0
4.094345,0
4.094345,0
4.458988,0
4.458988,0
0,0
6.620073,8.006368
6.620073,8.006368
6.620073,8.006368
6.620073,8.006368
6.620073,8.006368
6.784457,7.932075
6.784457,7.932075
6.784457,7.932075
6.784457,7.932075
6.784457,7.932075
6.784457,7.932075
5.010635,6.160541
6.620073,8.006368
6.109248,6.160541
6.109248,6.160541
0,6.160541
0,6.160541
6.907755,7.600903
6.109248,6.160541
0,5.061929
6.050488,0
6.050488,0
5.010635,6.160541
0,0
0,0
0,0
0,0
6.579251,7.965546
5.160491,5.467394
4.094345,0
5.572838,6.959049
0,0
0,0
6.015181,5.734873
5.010635,6.160541
0,0
6.709304,6.760598
0,0
6.907755,6.959049
6.109248,6.160541
6.109248,6.160541
6.109248,6.160541
4.094345,0
6.109248,6.160541
6.109248,6.160541
0,5.991465
6.050488,0
6.050488,0
3.883624,3.934917
3.883624,3.934917
3.883624,3.934917
3.883624,3.934917
6.620073,8.006368
0,0
6.109248,6.160541
6.49224,5.781393
5.267652,0
6.109248,6.160541
6.109248,6.160541
5.269815,6.656109
0,0
0,0
4.668708,0
4.668708,0
0,0
5.796544,0
5.703783,5.755076
5.703783,5.755076
5.703783,5.755076
6.907755,7.600903
5.126342,0
6.109248,6.160541
0,0
6.620073,8.006368
0,0
6.109248,6.160541
6.109248,6.160541
6.907755,6.959049
6.907755,6.959049
6.07507,6.560323
6.148468,0
6.579251,7.965546
0,8.006368
5.482637,0
6.907755,6.959049
6.907755,6.959049
6.907755,6.959049
0,8.006368
6.313548,6.160541
6.313548,6.160541
6.620073,8.006368
5.703783,6.160541
0,0
6.49224,5.781393
6.907755,6.959049
6.109248,6.160541
0,0
4.393214,4.444507
0,6.679335
6.109248,6.160541
6.907755,6.959049
0,0
0,0
0,0
5.703783,5.755076
6.907755,6.959049
5.010635,6.160541
6.109248,6.160541
5.703783,6.160541
0,0
6.907755,6.959049
6.109248,6.160541
6.109248,6.160541
5.010635,6.160541
5.377498,0
