educyr,lnrlfood
4,8.639339
8,9.345752
14,10.22633
9,9.263722
1,9.59289
13,9.372034
2,9.276959
9,8.85197
12,9.71961
12,8.938481
4,9.260901
10,6.733994
12,9.035526
17,9.735068
17,9.643557
16,9.870209
13,9.076807
2,9.069571
9,8.447347
9,9.164073
4,8.716787
10,9.395452
9,8.90827
5,8.227591
1,9.028255
12,9.310678
2,8.067076
7,8.631927
13,9.148687
0,9.147572
9,10.2355
3,8.436733
3,9.195153
5,9.529779
21,9.635816
9,9.315619
0,8.274182
15,9.699347
11,9.260711
9,9.354358
14,9.193837
0,8.838472
15,9.338328
14,9.736891
9,9.573745
10,9.256966
13,8.97231
5,8.977983
9,9.202645
2,9.053156
6,8.605847
12,8.603507
10,9.830186
12,9.949111
17,10.26351
9,9.383618
15,9.412437
0,8.940217
15,9.237067
14,9.948148
14,8.952785
5,8.604186
15,9.572923
9,8.764778
9,9.119338
12,9.098369
18,9.687498
17,10.38734
22,9.605066
5,8.518538
9,8.73595
9,8.885855
20,9.264253
16,8.794945
16,9.187563
17,8.782479
16,9.971867
17,10.29903
14,8.29991
17,8.991527
9,8.344235
16,8.822638
5,8.414134
16,8.651464
12,9.263073
15,9.139405
15,9.568558
9,9.034533
16,9.854361
1,7.480504
17,9.686588
9,8.753909
12,9.03011
12,10.26267
7,8.407068
9,9.762164
11,9.45487
12,8.612347
15,8.980488
15,9.050389
9,9.019752
14,8.651933
13,9.658933
16,9.244485
8,8.514739
16,8.76192
17,8.618358
14,9.011553
9,8.919355
12,8.628929
9,9.698468
6,8.938323
15,10.22522
17,9.747976
12,8.77544
6,9.102395
14,8.791129
15,8.89786
10,9.404359
9,8.479325
15,8.264834
3,8.853419
21,9.90076
5,8.86834
15,8.931787
13,9.295817
10,8.745057
15,8.936273
17,9.124621
12,8.452319
5,8.51474
5,9.102008
5,8.922558
13,9.507874
14,9.973893
14,8.180567
12,8.888462
13,8.816115
15,9.756975
5,7.817482
13,8.658974
5,9.325816
12,9.687456
9,9.598845
20,9.066874
15,9.116706
15,8.763719
15,8.774417
15,7.47966
16,9.658056
14,10.07189
13,10.057
9,8.341438
0,8.476148
15,10.23994
12,8.723282
3,9.391175
9,9.599632
14,8.309384
5,8.571616
0,8.701474
0,8.81878
15,8.712274
1,8.964512
3,8.294853
9,9.177209
15,9.501825
1,8.129719
14,8.955443
6,8.10886
2,9.324412
9,9.050731
15,9.420379
13,8.361294
12,8.973536
5,8.584972
16,9.742034
4,8.212008
21,8.858182
6,9.276206
5,9.480259
12,8.340482
14,10.01676
0,7.613258
9,8.642958
3,8.346847
15,7.738949
12,8.361676
13,8.565777
12,9.732168
2,8.432679
9,9.358986
11,8.489145
19,9.542227
16,9.218749
4,10.22517
5,9.756703
2,8.601877
4,9.859741
11,9.075052
7,9.271217
12,9.345983
11,8.735018
8,9.809935
9,9.452258
6,9.345307
2,9.058706
9,9.902415
12,8.907179
9,9.512152
2,8.281157
8,9.341349
11,9.518895
3,8.916218
12,9.316973
9,9.278664
15,9.556395
10,10.1513
6,9.077758
15,9.289557
17,8.737172
20,7.74834
6,9.013654
12,8.71826
15,8.233984
20,9.906225
12,9.078898
2,9.001134
2,8.382802
5,9.029737
3,9.130788
10,7.713206
9,8.145778
17,9.274341
13,9.870637
12,8.579771
15,9.023857
12,9.31632
13,8.722687
9,10.04655
12,10.18196
9,8.874412
5,10.02748
9,8.908482
15,8.523679
10,9.357363
9,8.215306
0,8.189572
16,9.218575
9,9.661238
9,9.476794
7,8.942094
12,9.881306
12,9.464867
0,8.633348
10,8.863325
2,8.767295
0,8.383044
3,8.691836
11,8.222385
2,9.109826
4,9.397281
5,9.119858
5,9.588074
12,10.2003
1,9.075487
6,9.106673
0,8.935328
7,9.814427
6,8.453314
8,10.20249
12,9.632895
8,9.40716
12,9.58703
5,9.224401
7,9.58674
3,9.187642
12,9.243044
12,9.230339
5,8.793983
5,8.915448
5,8.783358
2,8.757645
4,10.28439
8,8.906183
12,8.956608
3,9.221095
6,8.769462
9,8.801135
4,8.950769
12,9.503819
12,9.26492
6,8.375603
5,9.365488
9,9.173654
12,9.354576
16,9.720253
5,9.426237
7,9.160951
16,9.231151
9,9.404722
6,9.047997
7,9.456935
21,9.16643
13,9.064943
12,9.102595
2,10.60655
9,9.3196
5,9.987315
12,8.661803
18,9.118135
7,9.645213
15,9.334834
10,9.103293
0,7.99394
15,9.391641
11,10.22909
0,10.10478
14,9.004832
12,8.564828
5,9.264503
11,9.391306
17,9.490823
9,9.66261
12,10.48678
9,8.999479
17,9.028038
7,9.2837
5,9.045149
5,8.761188
7,8.717216
7,9.289036
9,8.988626
10,9.206866
8,9.165364
2,9.415254
9,8.506729
3,9.03747
3,8.598211
0,8.87911
4,9.479569
0,9.24122
12,9.00441
9,8.485005
7,9.218307
5,9.049255
4,9.685003
6,9.291186
5,9.057353
2,9.244551
5,9.509632
4,8.742288
15,8.638905
3,9.594573
0,9.179066
2,9.167885
0,8.410042
7,8.337623
5,9.449187
6,9.260782
8,8.324183
8,9.382171
0,8.649518
3,9.4474
17,9.903505
0,8.884298
7,9.655788
9,9.703322
9,9.402553
2,8.8126
9,9.457691
11,9.374848
12,8.828794
8,9.91772
10,9.167144
7,10.54151
6,10.06377
2,9.089487
3,9.997767
5,10.41713
15,10.00613
15,8.752265
17,9.469464
13,9.442171
3,9.879714
5,9.837714
17,9.449033
0,9.897771
6,9.485838
5,9.429918
10,9.147308
6,9.882029
2,9.306017
3,8.719554
10,9.468523
11,9.239144
9,9.92907
8,9.0983
5,8.988596
3,9.880033
10,10.07209
4,9.275674
5,9.903663
0,8.732462
5,8.759562
7,9.585828
0,9.475503
3,9.666311
11,10.02872
3,9.474076
12,10.16471
9,9.624933
3,9.0977
6,8.852593
16,9.365067
2,9.692249
5,9.309728
3,9.415823
0,9.129211
9,9.817229
6,9.908034
9,9.976915
12,9.204985
12,9.679644
6,10.20763
20,10.16127
3,9.22431
2,9.844344
8,10.20109
9,9.099164
0,8.775849
6,9.764872
6,9.738763
14,9.40276
9,10.39206
12,8.41233
9,9.049118
4,9.789955
8,9.175867
17,9.413346
17,8.790429
3,9.179746
7,9.936442
14,8.965988
14,9.092146
9,9.520394
12,9.221915
8,8.704593
10,8.732092
8,8.593197
8,8.634434
3,9.036035
6,9.154123
6,9.510111
9,8.719757
12,9.307522
5,9.614647
5,8.8826
15,8.772498
12,8.99369
16,9.339031
6,8.749466
9,8.338568
8,8.583312
10,9.112725
5,7.587375
2,9.710582
4,9.0293
3,8.894745
15,7.660853
1,8.831943
2,9.639969
9,8.833726
7,8.71339
0,7.400916
9,10.04139
4,7.600751
4,8.556683
13,8.731396
5,9.273033
9,8.250068
6,8.863386
17,9.5186
14,8.556927
17,9.026239
14,9.238008
6,8.842116
11,8.819106
11,9.17488
5,8.039186
7,8.997937
15,8.688915
9,9.113636
17,9.018538
15,9.139051
14,9.068069
9,8.276354
17,9.305274
10,9.829001
20,9.910755
5,9.262619
9,8.831241
15,9.034469
3,8.287401
14,9.237051
1,8.979198
13,8.596251
5,8.946661
5,8.859194
16,8.757228
14,8.820703
3,8.714717
8,8.891662
12,9.994765
7,9.352698
12,8.915886
3,9.01948
15,9.188758
0,8.811331
10,9.11685
5,8.856421
16,8.80141
12,9.14177
16,9.455252
9,8.891664
7,7.691447
7,9.381433
12,9.154061
4,9.308071
5,8.599858
0,9.5597
9,9.056028
10,9.305754
20,9.68515
13,8.601705
15,10.26082
11,9.852394
0,7.987696
9,9.114501
9,8.638288
15,8.950487
6,9.95997
13,8.459824
0,8.82748
15,9.431282
16,9.552118
18,8.622478
11,8.684545
9,9.611657
15,8.864693
7,8.536945
4,8.755367
14,9.335751
10,8.302302
14,9.025264
7,8.654582
10,8.423989
12,9.357013
11,9.037242
12,8.978219
0,8.750323
5,9.374219
15,8.867289
15,9.708226
0,8.935009
9,9.100904
2,8.533161
5,8.651591
0,8.475789
6,9.622777
12,9.003934
12,8.890216
9,8.595898
0,9.144687
8,9.042884
12,8.817318
3,8.918571
15,8.465293
5,9.142908
0,8.771003
15,9.013935
11,9.311457
1,8.476864
8,8.969338
14,9.073959
5,9.552239
19,8.790762
10,8.85922
3,7.812062
2,9.058315
0,7.378825
2,8.939115
0,9.164863
10,8.732997
3,8.49669
4,9.432653
3,8.160171
0,9.180493
7,9.556944
16,9.214085
11,8.778182
6,8.890352
6,9.010915
8,9.15601
2,9.069821
9,9.018031
0,8.669296
3,8.865883
9,8.572262
4,8.838078
0,8.973716
1,8.679667
6,9.13817
3,9.813813
2,9.424131
3,8.903764
7,8.671734
16,8.699552
4,8.850887
12,9.02872
15,8.683311
16,8.988573
12,8.905765
9,8.470205
9,8.753951
5,9.183725
12,9.252807
9,8.680367
12,8.83946
0,8.387379
10,8.904247
12,8.997945
5,7.736811
15,8.591073
15,9.184146
12,8.835873
12,9.129586
14,8.861883
10,9.15329
15,8.39798
9,8.476635
9,8.467738
10,8.35642
12,8.812861
9,8.689981
12,8.920069
0,8.606775
10,7.793294
12,8.676532
5,8.15042
8,8.303283
0,7.199931
9,8.578413
14,8.51228
9,8.978875
3,9.202432
9,8.962929
7,8.81096
10,8.416198
9,8.632517
15,8.649203
0,7.961097
13,8.475142
5,8.341995
15,9.24406
9,9.172129
12,8.931778
10,8.440936
9,8.773477
15,8.447839
9,8.745821
9,9.119599
15,8.975295
12,8.828361
16,9.151113
11,8.542385
14,8.763718
15,8.551311
9,8.983403
13,8.690917
12,7.726029
12,8.766734
2,8.225328
15,10.46219
14,8.795063
12,8.469907
11,9.792624
9,9.097747
9,9.192581
3,8.611539
9,9.588911
17,9.207522
16,8.256458
14,10.05919
9,9.025782
15,9.281065
12,9.094468
9,8.427546
14,9.774017
6,9.76389
9,8.97218
10,8.882626
12,8.963315
9,9.341798
9,9.088763
0,9.086952
5,8.85362
16,9.192149
14,8.931313
13,9.171491
3,8.611532
10,8.819593
17,8.82892
4,9.608004
5,8.946795
12,9.120066
9,9.429283
14,9.111094
14,8.643354
9,8.873303
0,9.295291
7,9.341456
4,10.56213
9,8.885453
14,9.18622
9,8.856773
9,9.048091
0,8.876204
9,9.078575
9,9.102796
12,8.647986
9,9.101695
15,9.261899
9,9.403687
2,9.08769
11,8.932657
0,9.011292
4,8.927403
3,8.897142
14,9.004633
9,8.775846
9,8.946693
9,8.467967
11,9.050052
4,8.555608
11,9.95123
9,8.528275
8,8.55118
12,8.80043
9,9.317995
13,8.308059
10,9.294615
9,8.878327
15,9.024277
9,9.462875
12,8.908969
2,7.661344
7,8.212618
11,8.467333
0,9.099456
7,8.535467
9,8.94999
17,9.463078
9,8.843777
7,9.376451
5,9.831466
8,8.988672
7,9.4191
0,7.997986
9,8.924461
9,8.98008
9,10.07154
14,9.136617
9,9.062489
7,8.276052
11,8.55989
12,8.862264
13,8.431115
10,8.149058
5,8.454792
9,8.509718
9,8.467516
1,8.838799
13,8.666125
5,9.201023
10,8.108334
12,8.464818
6,8.106593
12,8.540819
11,9.105532
12,8.56079
4,7.482879
4,8.787684
6,8.357366
5,8.375621
9,8.626553
2,7.810802
15,7.608563
5,9.247296
8,8.197298
9,8.647653
3,7.381912
6,8.278748
4,8.785351
12,8.892869
13,8.306756
10,8.773445
12,8.669433
15,9.051934
17,8.418147
9,8.722518
15,8.72651
0,8.026587
14,8.8776
16,9.848662
17,9.302291
9,8.687414
12,8.788314
9,9.30566
15,9.181976
10,8.68275
12,8.954508
5,9.194436
14,9.031008
12,9.286479
9,9.371208
17,8.849339
12,8.533141
18,8.632607
5,9.944259
5,8.357039
12,8.452099
18,8.686715
5,8.605953
10,8.560739
15,9.462274
17,8.748972
12,8.539353
12,8.808599
5,8.525341
9,8.496614
15,8.857882
15,8.732809
0,8.360835
16,9.006712
9,8.955078
17,9.184362
17,8.994473
15,8.720724
0,8.309496
15,9.061984
15,8.630392
15,8.877037
3,8.619749
14,8.290299
15,8.866537
13,8.677646
14,7.261606
9,8.543664
10,8.377269
0,8.994354
7,8.273504
2,7.734045
12,9.331519
3,8.479169
9,9.237899
0,7.038643
3,8.541685
14,9.13132
5,8.841309
8,9.096347
3,8.632918
5,8.867452
14,8.512059
9,8.109813
7,8.997646
3,9.146656
1,8.471466
11,8.59385
6,9.309511
15,8.770773
5,8.652756
5,8.525744
0,8.796335
12,9.014074
16,8.81307
6,9.038952
0,8.09831
12,9.241481
0,8.566612
3,9.039519
5,9.112547
7,8.085983
15,9.476656
9,8.835285
10,8.744716
5,10.3382
19,9.086298
12,9.714496
15,9.168314
10,8.816572
4,9.041327
2,9.289558
9,9.291495
9,9.312064
5,9.741549
0,8.597094
4,9.384266
3,9.629361
2,9.823134
12,9.279568
12,9.148664
5,9.134508
5,9.836542
9,9.033179
5,9.809231
9,9.215468
12,9.167143
12,9.343073
5,8.673809
11,9.185441
12,9.101539
12,9.110639
5,9.403831
9,9.126931
12,9.062216
5,8.7505
9,9.124083
12,9.164909
0,9.240228
5,9.308433
2,8.295575
10,9.081986
4,9.324375
14,10.46017
12,9.280932
11,9.489605
7,8.578814
9,8.661059
0,8.933871
9,9.496968
4,8.4977
3,8.961578
0,8.307876
5,9.346081
11,8.938915
3,9.416846
5,9.406531
3,8.577337
7,8.586037
3,9.442183
5,8.967212
4,8.986489
9,8.987861
5,8.631101
4,9.402826
0,6.524617
3,9.678443
6,9.413797
4,8.893969
7,9.102714
17,10.09515
9,9.112782
9,8.785572
18,9.371934
11,9.270278
15,10.09455
12,9.469429
10,9.250305
12,9.382233
12,8.376897
15,9.18672
11,9.429942
15,8.938295
19,9.557727
15,8.998233
6,9.229476
12,9.380143
12,9.221232
2,8.174644
13,8.975552
12,9.410609
14,9.049141
1,9.494698
12,8.712259
7,8.538439
11,8.709702
9,8.818269
0,8.492033
12,9.429181
5,8.882696
8,8.578951
16,9.850175
15,10.16725
12,9.653201
7,8.734848
7,9.147691
12,9.224422
15,8.770172
9,10.14921
12,9.33534
9,9.333144
13,9.148802
10,9.734506
15,9.731319
10,9.525221
15,9.669491
9,8.992799
5,9.088526
16,9.121755
16,9.257623
15,9.027214
16,10.09265
4,9.544404
13,9.971289
12,10.3543
9,8.964396
7,9.299199
11,8.890261
17,9.417565
15,9.274146
16,9.081722
9,9.328672
9,9.019175
8,9.594264
6,8.646986
9,9.37353
6,9.371577
0,8.610713
5,9.159548
4,9.346758
2,9.188131
5,9.650062
9,8.434882
4,8.918514
6,8.141849
6,9.646877
5,9.267027
6,9.07484
9,9.754695
5,9.435699
4,9.483383
9,8.446737
12,8.81039
8,9.032686
6,9.062916
9,8.70876
0,8.202165
14,8.71478
5,9.27677
4,8.584791
7,9.287854
6,9.406813
9,8.961356
3,9.158688
9,8.771696
2,8.840084
8,8.82395
10,8.966567
4,9.322989
11,9.465771
12,8.763369
14,9.500616
11,9.367375
12,8.934016
16,9.264918
17,9.427169
10,8.985038
15,9.442859
9,8.837296
17,9.2936
12,9.214698
6,8.784377
14,8.978446
14,9.93432
14,9.178254
5,9.118271
12,9.76683
11,9.072069
9,9.192673
8,10.02045
0,8.346796
15,8.941977
16,9.594694
14,9.252947
12,8.236783
11,8.576602
11,9.042619
3,8.294996
17,9.04119
15,9.20598
5,9.256818
15,9.127558
15,9.265701
14,8.940553
17,9.085861
16,8.733668
12,8.754811
9,9.0984
17,9.037845
8,9.345085
8,9.001881
12,9.052623
16,9.069612
12,8.917103
9,8.870327
6,9.116145
7,9.451177
3,8.509538
9,9.192701
12,9.178178
12,9.263434
5,9.091271
12,8.449814
12,8.090241
4,8.429456
12,8.9233
12,9.067422
5,8.933842
15,8.719494
12,9.003287
13,8.29485
16,8.757947
12,8.577862
18,8.671316
10,8.020113
17,8.893412
12,8.476821
15,8.71788
15,8.863051
9,7.967201
3,9.021272
9,8.831247
0,7.639594
9,8.69141
9,9.084844
9,8.369925
9,8.54539
12,9.068177
15,8.259149
12,8.722099
15,8.592771
13,8.487926
15,8.278597
15,8.573734
18,7.897984
7,8.178262
9,8.522642
12,8.773917
9,8.716304
2,8.777796
15,8.356806
14,8.68044
13,8.465496
11,8.698061
4,8.504754
9,8.062572
5,8.486541
0,7.665863
13,8.321737
12,8.677987
0,8.25813
16,8.61224
0,8.569882
3,8.469674
9,8.629804
14,8.840957
9,8.738179
15,8.527771
15,8.449453
5,8.899907
17,8.591033
5,7.804067
15,8.700049
5,8.416875
13,8.732538
3,8.068661
14,8.919371
2,8.056831
12,8.285503
9,8.558399
9,8.130582
8,8.255465
11,8.361658
5,8.227569
10,8.894528
14,8.770254
15,8.648593
12,8.196146
9,7.398599
13,8.2155
10,8.310568
4,8.189793
9,8.243655
5,8.545831
12,7.801199
2,8.157322
9,8.789518
9,8.365298
10,8.158107
12,8.82757
0,8.850262
4,8.784392
5,8.739782
5,8.39174
10,8.523138
9,8.12372
9,8.534686
9,8.468459
11,9.126224
9,9.141876
2,7.779034
3,8.205724
9,8.766074
9,8.717942
4,9.255337
9,8.328073
9,8.594532
5,8.181294
5,8.914637
0,7.720537
9,8.591526
5,8.577972
2,9.401646
15,8.959497
0,8.513165
10,8.557623
16,8.837211
9,8.910054
15,8.942498
14,9.41784
7,8.715957
6,8.056671
9,8.559842
7,8.67789
0,8.20648
1,8.064047
9,8.548301
12,8.495354
9,9.348114
8,9.240888
3,8.650435
9,8.250499
10,8.197753
12,8.088428
10,8.190511
5,8.242452
2,7.738343
5,8.184622
0,8.173089
9,8.502205
9,8.624467
9,8.697378
10,8.834798
15,8.598701
14,8.802957
10,8.650915
13,8.706306
5,9.347361
12,9.09008
3,8.418406
9,7.288785
9,8.752309
14,8.34881
9,8.712742
9,8.29538
9,8.299404
8,8.459782
14,8.934739
19,9.191103
16,9.144999
16,9.133963
8,8.714439
9,8.315558
12,8.545344
14,9.05339
17,8.283169
9,8.3567
15,8.834443
12,8.619967
11,8.670071
16,8.392953
9,8.409076
15,8.806412
9,8.222203
9,8.956732
9,8.701155
13,8.58268
10,9.259395
3,8.160606
6,8.567223
11,8.117342
9,8.673696
9,7.622396
3,8.22666
3,7.686218
9,8.582692
9,8.700418
12,8.796857
9,7.842525
9,9.235082
0,7.545774
9,8.119707
9,8.308773
7,8.844026
11,8.133134
9,8.636874
9,8.832786
12,8.50332
10,8.71017
12,8.499869
10,9.259571
3,7.783195
6,8.106193
9,7.641828
9,8.831003
9,8.725801
6,8.28915
9,8.563337
3,8.581171
12,9.157415
15,8.883914
15,9.228726
16,9.199276
10,8.827849
13,8.353366
8,8.877467
2,8.869663
17,10.38793
15,8.930305
4,8.059244
9,8.997965
0,8.869911
10,8.702742
14,8.867245
15,8.802466
7,8.723184
5,8.835238
5,9.047995
12,8.744959
9,8.637589
7,9.381521
3,7.869329
3,8.427687
5,8.35318
2,7.481366
14,8.482902
8,8.772985
12,8.463786
0,8.130397
5,8.23436
3,7.040162
16,9.06136
12,8.801064
12,8.851896
5,9.41509
10,8.62608
4,8.939889
10,10.31702
5,9.229778
12,8.875734
5,8.932442
9,8.724607
5,8.642262
15,8.904418
9,8.623995
9,8.201339
16,8.567416
5,8.426547
15,9.258956
9,8.53756
12,9.168503
12,9.355213
9,9.594642
12,9.360322
5,9.786969
12,9.598389
12,8.945758
1,8.650937
15,9.296555
7,9.978877
4,8.151289
3,8.633875
9,8.813424
5,8.387004
5,8.484836
12,8.81935
12,9.701779
12,8.937385
7,9.263512
5,8.34174
9,8.887513
6,8.859868
0,7.764877
17,9.37546
5,8.417216
12,8.827868
3,9.057193
9,8.761175
6,9.560522
12,9.250295
8,8.091813
2,7.987219
10,8.280992
3,7.583811
9,8.743286
12,8.45944
15,8.361139
9,9.088806
9,8.804058
17,8.911631
17,8.688936
12,8.898735
8,8.375237
7,9.541361
6,8.645356
14,10.04478
3,8.753643
9,9.790379
16,9.275632
6,9.151854
10,9.277999
0,8.772003
10,8.76757
13,8.303621
10,8.754415
6,8.942206
9,8.813605
12,9.491957
12,8.785338
2,9.029321
10,8.613456
8,8.968654
14,9.749065
11,9.029848
12,8.853432
2,8.628614
16,9.230026
10,8.926331
12,9.050328
9,8.314687
2,9.122147
9,9.009498
3,7.606104
11,8.087065
14,8.566093
9,9.30736
5,9.240451
5,9.039422
5,8.337031
12,9.167972
5,8.556691
12,9.323173
5,7.904316
7,9.635977
10,8.756269
3,8.601583
5,9.584112
7,9.343807
9,8.668022
5,8.912325
4,8.611925
3,9.198481
4,8.850029
4,8.314337
5,7.249567
9,9.288651
11,8.954021
1,8.828572
5,9.051583
5,8.942113
4,9.285527
11,8.934129
5,9.164292
0,7.876171
9,8.547255
6,8.137146
2,8.481001
8,7.690542
11,9.511023
6,8.820829
3,8.593493
9,8.964539
6,8.005667
12,9.022593
4,8.284286
4,8.849545
5,8.135262
8,8.479995
5,7.917426
0,8.543395
5,8.639771
4,9.278501
0,7.821221
9,9.537
3,8.300054
6,8.826324
8,8.932523
10,9.0907
7,9.290639
13,9.369264
4,8.724923
2,9.791906
14,9.683334
8,10.04838
14,9.564532
12,8.470616
5,9.38296
17,9.428945
3,8.841997
4,8.643567
3,8.25608
5,8.988453
3,7.880509
9,9.001226
5,8.506498
2,8.972297
12,8.618735
6,8.706601
2,9.367892
3,8.906698
8,8.708605
5,8.044987
5,8.538292
3,7.733211
2,8.466232
5,8.464562
7,7.418386
8,9.008549
5,8.29873
6,8.267695
0,8.728217
11,8.54278
5,8.557389
0,8.8036
5,8.379082
15,9.539446
8,9.221995
8,8.823281
9,8.517034
6,8.224868
4,8.353781
9,9.568849
2,8.58552
14,8.787202
2,8.70741
0,8.891272
12,8.666295
10,9.117625
18,8.921325
14,8.501446
6,9.202149
1,8.717241
5,8.910192
9,9.099153
12,8.612451
9,8.497518
12,9.023587
6,8.896159
8,8.881042
12,9.551833
12,8.952662
10,8.183568
5,8.688085
7,9.456195
9,7.410961
15,9.167955
16,8.785007
8,9.694195
14,9.111658
5,8.923107
5,8.98923
0,7.155334
5,9.132059
5,8.967295
10,9.556024
8,8.448841
19,7.983985
10,8.44748
5,8.381977
2,8.396347
3,8.193181
2,8.195842
6,9.12117
0,8.019363
8,7.767786
9,8.362039
6,8.452216
10,8.608336
6,9.138092
4,8.697164
11,8.606988
3,8.004523
5,9.259223
11,9.457946
3,7.935549
0,8.555551
11,9.02828
2,8.231245
8,8.612259
9,7.982664
15,7.528332
10,8.693535
3,8.758079
16,8.789343
4,8.920176
12,9.413337
4,8.540547
17,8.858353
14,9.002656
3,8.821352
9,9.017805
7,8.948801
7,8.761456
2,7.768216
9,9.11535
15,8.468682
0,8.661671
9,9.017097
9,8.589777
0,8.310801
11,8.646514
17,8.793049
9,9.167383
9,9.576774
12,9.137544
0,9.240736
9,8.859097
9,8.961017
9,8.859339
8,9.055222
0,9.09072
11,9.087005
6,9.003864
9,9.298516
3,8.176159
0,8.707999
8,9.221922
2,8.230393
4,8.894181
0,8.645041
6,8.92236
6,8.790627
5,8.814947
0,8.488373
0,8.848375
11,9.159907
10,8.599635
3,8.079955
7,8.362736
12,9.170414
0,9.36266
8,9.804462
12,10.04528
5,9.033549
7,8.67894
8,9.242891
13,9.433267
0,9.066533
9,10.13682
9,9.198977
4,9.866944
4,9.047263
4,10.18888
6,9.209347
4,9.103692
4,9.196433
2,9.166325
2,8.778749
14,8.858532
12,9.442729
15,9.468715
0,9.446772
12,9.319731
4,9.268321
4,8.939551
0,8.912785
12,9.56555
16,8.861069
4,9.664073
5,8.894206
4,9.292645
9,9.484806
5,8.544002
8,9.373436
5,8.942734
7,9.024338
7,9.285166
15,9.265811
5,8.120804
5,9.595798
4,8.81967
17,9.581045
8,9.385932
5,9.113739
3,9.088706
10,9.445851
9,8.781693
16,8.816416
7,8.9281
12,8.72965
3,9.05924
15,8.975919
6,8.83528
2,9.271619
5,8.557762
5,8.409128
8,9.035125
3,8.447819
6,8.781475
4,8.66255
5,9.246772
2,8.543233
7,8.430358
15,8.608092
10,8.935359
3,8.97718
8,8.718813
6,9.167752
11,8.96814
6,9.023523
2,8.847581
8,8.394167
9,8.694205
2,7.481914
3,8.427095
1,8.513797
15,8.75167
6,8.835884
4,9.094508
1,8.827001
4,8.817912
5,8.729483
9,8.77896
9,8.590849
8,8.424417
11,8.542642
9,8.676529
0,8.420254
2,8.647792
9,8.742122
1,8.898277
4,8.502299
5,8.789894
8,8.642224
5,8.306931
4,8.760551
1,7.819929
5,8.601693
9,8.731304
2,8.748614
0,8.065436
9,8.530367
9,8.303845
9,9.056929
12,8.792452
3,8.518498
2,8.576565
10,8.753251
2,8.528987
5,8.853623
5,8.681973
3,9.020135
4,9.100583
9,9.010667
9,9.38203
10,9.082454
4,8.444084
3,8.598001
5,8.88349
11,8.035577
11,8.302929
6,9.062748
9,9.37624
7,8.149139
10,8.706854
6,8.72753
3,8.790255
5,8.453475
9,9.411807
9,9.028633
9,8.609673
6,8.281235
8,9.410138
6,8.908148
7,8.642835
4,8.254416
3,8.554917
9,8.669121
9,8.731782
10,8.962027
10,8.960217
9,8.533437
9,8.599378
11,8.625776
13,8.677753
11,8.526542
17,8.878949
6,9.23665
15,8.386065
8,8.773953
0,8.14971
5,7.892761
5,8.559182
17,9.072157
10,8.695152
10,8.597146
5,8.616376
12,8.722983
13,8.926248
0,8.314982
12,8.989641
9,8.478978
17,8.851254
14,8.425852
12,8.293678
9,8.341347
6,8.195214
8,8.331052
10,8.48882
5,8.542583
10,8.203894
11,8.587094
8,8.348345
3,7.877815
12,8.924138
12,8.470703
13,8.480573
5,8.88133
7,7.956217
15,8.511075
8,8.172203
4,8.553337
8,8.484766
9,8.871627
9,8.558292
10,8.305055
0,8.780955
16,8.678058
5,8.27276
9,8.707994
15,8.841363
5,8.146594
4,8.650271
13,8.622708
17,8.448939
13,8.526718
10,8.885778
8,8.674242
14,8.608763
6,8.317788
11,8.965974
9,8.508556
5,8.452638
4,8.290636
9,8.656615
0,8.069653
10,8.517062
10,8.706978
3,8.838063
10,8.800377
9,8.43854
6,8.762681
8,8.33848
3,8.762823
0,8.598383
8,8.55402
5,8.348256
2,8.477252
10,8.922597
3,8.797818
1,8.515904
5,8.785385
3,8.927034
5,8.821556
9,8.381414
9,8.874787
0,8.087692
9,8.256645
9,9.119944
0,8.575817
9,8.642154
5,8.698046
3,8.680756
9,8.525098
0,8.808331
3,7.716735
9,8.857668
9,8.779949
14,9.112545
3,8.358217
0,8.328553
0,8.765918
0,8.318505
5,8.615751
12,8.688927
0,7.961098
0,8.784854
0,8.820774
1,8.109914
0,8.208918
0,8.474596
4,8.86178
0,8.541523
0,8.804294
2,8.860629
0,8.68548
0,8.47279
0,7.772735
5,8.685531
0,8.872104
0,8.595671
0,8.532513
0,7.844437
0,8.491096
0,8.620887
0,8.801187
0,8.09689
0,8.163911
0,8.60349
0,8.936855
0,8.263912
3,8.795993
9,7.255728
2,9.280304
12,10.00189
9,8.960631
4,7.843693
8,8.79114
9,8.498853
13,8.91995
10,8.883628
7,8.618221
9,9.551245
6,8.645925
5,8.633625
9,8.904477
10,9.02761
9,9.076175
9,8.34543
3,7.898233
8,8.224046
3,8.826463
9,8.388009
5,8.857046
10,8.451528
8,8.64954
14,8.725159
5,8.567686
0,8.562032
10,8.73976
12,8.827936
4,8.771866
9,8.630808
5,8.335709
5,8.172478
12,8.782441
6,8.887754
9,8.180853
9,8.430788
10,8.593424
9,8.561386
5,7.74438
9,9.399314
9,8.686562
9,8.428166
9,8.478564
8,7.713983
9,8.419624
8,8.42209
9,8.474336
9,8.115702
9,8.43586
0,7.937799
9,8.528713
9,8.63065
12,8.667603
3,8.644467
12,8.739182
14,8.313972
6,8.591876
12,8.129528
9,8.95465
8,8.576026
10,8.486005
6,8.200308
5,7.889416
12,8.125708
0,7.257834
5,7.635854
9,8.722752
12,8.644958
10,8.095625
5,8.013423
12,8.646994
9,8.168611
9,8.449895
9,8.320454
14,8.298514
0,7.500299
9,8.513521
9,8.69363
5,8.531371
13,8.567194
12,7.849592
4,7.982457
18,8.182568
9,8.38194
12,8.720263
10,8.452229
9,8.567944
9,8.278145
12,8.37279
9,8.178486
9,8.21965
3,7.783703
6,8.642108
3,7.037391
12,8.395484
5,7.927614
9,8.63453
9,8.488958
2,8.50866
9,9.165071
9,8.223346
2,8.766591
10,8.533491
10,7.718806
9,7.833963
11,8.334972
9,8.25897
10,8.265083
5,8.440872
10,8.736437
9,8.6277
9,8.143327
5,8.023537
7,8.20191
9,8.79064
9,8.172438
9,8.642768
10,8.438054
3,8.658927
9,8.667006
9,8.248823
0,7.866177
11,8.55984
10,8.475334
15,8.25084
5,8.783615
0,8.547837
10,8.607935
0,7.706593
5,8.150491
5,8.067928
0,8.337841
6,8.607826
12,8.971577
9,8.749896
8,8.611316
0,8.056211
5,8.812398
9,8.146416
12,8.345626
2,8.390939
13,8.644938
8,7.948581
15,8.556801
15,8.597013
3,8.04719
9,8.568289
9,7.878363
6,8.245594
5,8.556836
9,8.194147
12,8.515924
9,8.419482
15,8.304027
10,7.730393
7,8.060891
10,8.271267
12,8.528565
11,8.199686
8,8.950864
5,8.314816
5,8.456053
5,8.864055
7,8.022635
3,8.310822
6,8.677767
0,7.761688
10,8.859067
4,8.119687
3,8.984474
4,8.037856
9,8.923
4,7.873484
12,8.6846
10,8.341976
13,8.191577
9,8.854957
9,7.595557
9,8.34742
0,6.382104
7,9.043741
9,8.575034
9,8.360253
9,8.232783
5,8.044791
9,7.751049
14,8.469412
5,8.852021
5,8.105341
10,8.45015
10,8.30022
3,8.896393
5,9.023539
5,8.68627
9,8.534835
2,8.486518
3,8.783489
8,8.987555
10,8.769502
5,9.065392
10,8.528495
0,8.872373
9,8.678823
5,8.715912
9,9.11433
8,8.889783
8,9.446378
8,9.580544
14,9.099444
0,8.617661
11,8.862734
5,8.884884
5,8.631731
11,9.007062
14,9.007745
12,9.085314
2,8.789521
13,9.347448
0,8.486445
10,9.047113
11,8.578177
9,9.044791
7,8.642633
14,8.469794
5,7.518188
10,8.360754
12,8.47317
5,8.156507
9,8.173033
11,8.708965
2,6.931804
9,8.506433
9,8.394127
8,8.452404
9,8.790599
8,7.849051
3,7.916514
9,8.158225
9,8.182659
9,8.495422
10,8.889434
9,8.266354
3,8.58966
7,8.291985
2,8.012225
2,7.911304
10,8.306286
6,8.350194
2,8.153364
5,7.672122
7,8.173821
9,8.176546
5,8.342436
9,7.910966
7,8.963195
6,8.657852
0,8.556214
6,8.626782
3,8.534546
5,9.451259
5,8.563334
4,8.570114
5,8.706021
9,8.847624
6,8.784501
15,8.793551
7,8.749848
10,7.881848
5,8.314456
4,8.067657
4,7.704428
8,7.764338
8,8.964918
9,8.256416
9,8.876375
10,8.494339
5,8.637299
6,8.678601
10,8.818457
7,8.925414
14,8.739647
6,8.620014
3,8.472149
7,8.806972
5,8.686588
11,8.588461
4,8.560612
9,8.570605
10,8.81824
5,8.592718
3,9.261811
5,8.983341
9,9.225759
16,8.922536
15,8.949297
5,8.326352
15,9.124289
5,8.870054
9,8.166582
5,9.279607
9,8.783422
9,8.881804
9,8.99108
5,8.48697
15,8.802994
9,8.42581
3,8.606833
7,9.068611
0,8.574466
3,8.688929
9,8.500441
0,8.446856
9,8.639775
0,8.617653
15,9.30936
4,9.29469
9,9.230722
9,8.6446
13,8.862841
9,8.523983
14,8.346085
9,8.884663
9,8.330951
11,9.001375
9,8.839101
1,7.857999
12,8.990299
0,8.604236
16,8.911131
5,8.557821
9,8.945621
9,9.011866
10,8.80778
15,8.469588
9,8.986321
5,8.672126
10,8.996858
2,8.401567
3,9.206366
9,9.000177
9,8.763402
9,8.848948
9,7.556669
5,8.618663
5,9.748331
11,9.380028
7,8.494661
9,9.064006
9,8.906135
9,8.510181
9,8.940319
9,8.667632
12,8.496731
17,8.793386
9,8.693072
0,8.374317
7,8.719578
14,8.994224
9,8.559082
9,8.585023
9,8.314444
9,8.322885
9,8.509274
9,8.923781
0,8.844232
10,8.77592
9,8.624369
8,8.152268
0,8.541694
9,9.10373
12,8.750769
5,8.834098
9,8.882675
12,8.869094
9,8.571985
9,8.526988
9,8.642852
9,8.683756
6,8.055164
12,8.840775
9,8.11684
9,8.434504
5,8.31321
10,8.645275
0,9.307711
0,8.942531
6,9.061539
2,9.036197
3,8.789458
11,8.680593
4,8.731156
5,9.310492
9,8.52167
7,8.675105
9,8.655568
5,9.150109
0,8.779209
5,8.819027
3,9.045118
4,8.80093
12,8.409472
5,8.52994
9,8.384922
9,9.155677
0,8.29963
0,8.740711
3,8.650592
9,9.011811
14,8.873072
10,9.065161
5,8.659799
9,8.59904
7,8.409283
10,8.972494
17,8.567893
5,8.104824
9,8.273882
14,8.554747
12,8.772861
4,8.376075
4,7.910343
5,8.481175
6,7.965958
9,9.202715
9,8.204045
6,8.900772
9,8.409137
9,8.488151
5,8.283457
6,8.427542
9,8.216208
9,8.70164
6,8.848903
4,8.323694
12,8.72321
9,8.458272
9,8.952192
13,8.445782
10,8.271642
9,8.431956
5,8.708065
7,8.131348
6,7.683472
6,7.415643
15,8.401348
9,8.961738
5,8.432342
11,8.292032
6,8.2591
9,8.337508
7,8.463643
11,8.347658
8,7.729644
6,8.508124
12,7.998974
9,8.523528
5,8.270845
11,8.474285
11,8.845382
8,8.102283
15,8.611938
10,8.742283
6,8.715873
3,8.336498
10,8.568749
16,8.467517
10,8.324091
10,8.749043
10,8.5803
8,8.259566
10,8.636866
9,8.651765
8,8.169545
12,8.095751
13,8.862631
2,8.993204
12,8.277753
11,8.558869
0,8.348087
0,8.228503
13,8.553501
13,8.996262
9,8.721223
9,9.199403
5,8.69296
14,9.142818
5,8.583254
9,8.65142
4,8.607292
9,8.421751
12,8.785108
8,8.665121
10,7.8445
17,9.288069
9,8.55803
15,8.879751
0,9.036609
10,8.956964
9,8.618715
12,9.327989
9,8.592957
9,8.806489
12,8.490075
15,9.440556
12,8.669625
10,8.951906
12,8.849911
14,8.820038
10,8.469676
8,8.753615
10,8.454339
0,8.842873
9,8.38398
8,8.429225
14,8.953413
5,7.75686
13,8.948298
8,7.445359
9,8.768668
12,9.30007
10,8.793711
5,8.65786
9,8.653509
7,8.708968
9,8.760359
9,8.426354
7,8.524304
4,7.978065
8,8.92957
0,7.09062
2,8.1276
10,8.5999
3,8.249022
3,8.852561
12,8.377984
0,8.407292
6,8.05803
10,8.838203
8,8.363977
6,8.803811
9,8.868039
9,8.922601
12,8.896419
13,8.569912
3,8.185276
12,9.041334
14,9.041731
15,8.904372
9,8.562479
9,8.481481
12,8.456756
9,8.102304
8,8.679442
10,8.780256
4,8.132447
9,8.898204
4,8.164471
9,8.42107
9,8.342577
14,8.488997
12,8.123416
14,8.154649
9,8.680033
9,7.852037
5,7.504164
6,7.94204
9,8.968981
5,8.020244
15,8.814205
9,7.550703
4,8.065807
7,8.333329
3,7.076287
0,8.501127
9,8.733345
3,8.665232
9,8.978299
10,8.849153
10,9.013436
11,8.767703
11,8.67638
11,8.624817
9,8.735699
15,9.512629
13,9.223671
15,9.11313
9,9.398967
12,9.183623
4,9.035675
15,9.007436
16,9.387296
4,8.273415
9,8.773378
15,8.283385
9,8.922785
4,8.807948
11,8.628688
12,8.839423
0,8.710719
4,8.523691
9,8.774333
6,8.038754
7,9.197
2,8.755756
12,9.138228
9,9.252323
3,7.33277
1,6.878456
9,9.057641
11,8.448124
10,8.507517
9,8.879976
8,8.623317
2,7.094849
9,8.852035
9,8.757393
10,8.810501
0,8.473301
1,7.869368
4,7.267601
11,8.935567
0,9.570091
5,9.016844
9,9.14478
9,8.085058
9,9.048093
8,8.131252
0,6.833139
3,8.605104
2,7.695163
4,8.6085
1,7.669367
9,8.637718
10,8.694777
12,8.09561
7,9.301644
2,8.714319
11,8.862041
4,7.515775
9,7.807015
7,9.414228
9,8.773692
3,7.808816
9,8.276014
8,7.926968
6,8.270259
9,8.38141
10,8.128842
9,8.528856
9,7.807664
10,8.772688
9,8.915991
10,8.65513
9,8.295685
10,8.480447
9,8.596025
13,8.83573
17,8.941635
9,8.605952
12,8.870616
9,8.738839
13,8.630682
9,8.860697
9,8.252194
10,9.467549
15,8.761321
9,8.487705
9,8.531342
9,8.99923
3,7.520783
9,8.231597
5,8.524899
5,7.972509
9,9.157205
13,8.428764
5,8.181808
9,8.697055
10,9.051448
9,8.594364
9,8.651728
9,8.626899
16,9.265234
9,8.756518
9,8.339967
7,8.684785
10,8.875929
12,8.568189
2,8.343121
10,8.047249
4,8.146539
13,9.004086
12,9.18624
12,8.933504
10,8.654424
5,8.210342
2,7.929036
5,8.603697
13,8.929296
9,8.625678
9,9.098354
10,8.766788
9,8.631795
9,8.215522
5,8.085495
9,8.565272
10,8.910641
9,8.389104
10,8.564307
16,8.930421
9,9.217772
0,7.892851
9,8.563572
9,8.907808
1,8.378736
9,8.445578
9,8.510213
9,8.723044
10,8.553093
8,8.524522
5,8.107181
15,8.269774
5,7.908981
16,8.817742
9,8.744916
9,8.303131
15,8.463884
4,8.721767
9,8.746342
4,8.20536
15,8.2377
9,8.387792
4,8.401787
10,8.203499
9,8.070868
0,8.793222
9,8.450959
9,8.650327
9,8.167133
10,8.378303
10,8.634922
5,8.095689
16,8.751708
5,7.311708
5,8.17347
2,7.801786
0,7.673437
9,8.412651
8,8.393314
8,8.222836
9,6.376028
9,8.567812
5,7.707627
14,8.855036
0,7.612853
9,8.676814
5,8.633493
9,8.791631
6,8.456374
15,8.36793
16,8.771979
9,7.722142
2,6.916511
9,8.243631
9,8.75486
0,8.102007
9,8.443597
11,8.24027
9,8.101012
9,8.653228
0,6.771139
4,8.049042
10,8.121332
0,7.70761
10,8.616646
9,8.774991
12,8.532152
0,8.118814
9,8.335305
15,8.55494
9,8.313502
2,7.796623
9,8.630648
4,8.133064
5,8.620391
1,7.398336
2,6.386539
0,7.681767
2,8.909563
2,9.144711
5,7.834187
9,8.018676
9,8.513138
8,8.842848
0,7.461654
12,8.695195
5,7.380198
7,9.361902
9,9.548796
0,8.259818
15,8.287715
8,7.982589
9,8.01317
4,8.425876
13,8.691054
0,6.541308
0,8.5561
9,8.354237
12,7.82446
6,8.7245
2,7.765422
6,7.911547
5,8.969979
5,8.831328
10,8.20527
5,8.935942
5,7.656524
10,8.712381
9,8.87278
13,8.750149
12,8.420477
7,8.490527
9,8.907079
9,8.555273
9,9.12464
3,8.208359
11,9.110572
0,8.647229
10,8.679168
8,8.766213
5,8.618199
4,8.535942
4,8.143706
5,8.407295
9,9.299099
9,8.773512
6,9.119485
9,8.830991
8,9.220457
9,9.077343
2,8.191976
9,8.242325
6,8.662092
4,8.574955
5,7.955105
6,8.317865
10,8.60309
10,8.790849
11,8.55127
13,9.361759
5,8.749595
12,8.787283
9,8.735364
9,8.66063
4,8.709346
9,8.88869
11,8.718115
0,7.695892
7,8.805016
5,8.383093
6,8.576468
1,8.196405
10,8.376857
15,9.191166
10,8.52599
8,8.318399
11,8.33462
10,8.879191
3,7.617698
3,8.36804
8,8.88923
10,9.002492
6,8.977952
5,8.867599
8,9.025281
0,8.122874
9,9.039338
1,8.474556
9,8.971343
11,8.926548
11,8.48721
15,9.154372
11,9.080571
10,7.826437
9,9.082071
13,8.41841
12,8.55168
9,9.083963
5,8.614996
12,9.343395
12,8.309609
10,9.263484
13,8.695524
9,8.533895
10,9.084469
11,8.383859
11,8.383762
7,7.951932
5,8.297084
9,8.525547
4,7.927304
3,7.746594
9,8.616576
10,8.554014
11,9.127177
9,8.460293
3,8.121364
10,8.355468
5,7.983305
5,7.347606
4,8.641912
9,8.888457
9,8.527759
5,8.01907
10,8.657459
9,8.978922
0,8.667203
5,8.877747
0,8.142876
12,8.223878
5,8.587649
9,8.537244
5,7.926534
9,8.855127
5,8.272927
3,8.703154
2,8.236033
4,8.89126
0,8.852703
6,8.170676
10,8.854707
5,8.894206
9,8.647221
9,8.848281
9,8.306762
11,8.087547
10,8.899953
2,8.683054
5,8.033298
3,8.8748
4,8.509713
6,8.533607
9,8.421674
13,8.764905
15,8.371926
4,8.431267
13,8.011178
9,8.860417
6,7.676403
9,8.479437
12,9.109468
9,8.683869
13,8.934547
12,8.528065
12,9.254684
9,8.413825
9,8.335793
9,7.708646
9,8.930817
12,8.920162
5,8.55372
9,8.132015
0,7.721344
9,8.647866
9,8.565198
9,8.31983
9,8.35889
10,8.46658
9,8.547879
10,8.754167
10,7.952826
10,8.826748
9,8.65926
10,8.319983
9,9.043585
5,7.312741
9,8.313882
9,8.092773
4,7.51334
12,7.869282
9,8.362898
9,8.354299
4,9.026442
5,8.603636
9,8.076621
12,8.041909
5,7.371835
9,8.546603
5,8.073246
12,7.739229
9,8.278381
9,8.69906
10,8.343715
9,8.609179
9,9.136715
5,8.302973
9,9.035176
5,7.032239
3,7.178178
9,8.621376
5,7.657802
9,8.333391
8,7.80539
9,8.128523
9,8.656786
9,8.293404
9,8.194216
6,8.069552
9,8.265303
9,8.206184
13,7.614583
9,8.437059
9,8.456874
13,8.072503
15,8.452077
4,7.66506
9,8.067768
1,7.672143
12,8.43394
2,7.34645
0,7.025162
11,8.259355
6,7.500784
12,8.730034
10,7.984473
9,8.048374
9,8.721162
9,8.806984
5,8.2867
3,8.244929
15,8.763238
11,8.761565
10,8.685584
4,8.200767
5,8.636887
12,8.606416
9,8.590945
9,8.536757
5,8.288603
5,8.416868
9,8.764168
11,9.209417
6,8.84916
9,8.94113
10,8.584638
9,9.211336
2,8.340541
9,8.536808
10,8.94212
2,7.580156
9,9.023141
9,8.155087
16,8.934408
9,8.578987
0,7.702855
9,8.969636
5,8.338343
9,8.61871
9,8.868976
6,8.952569
2,8.17808
3,7.751535
3,7.691284
9,8.704002
2,8.774755
5,9.126351
0,8.279666
12,8.775906
9,8.457616
9,8.823384
5,8.462741
5,8.17062
3,7.706068
5,8.28869
11,8.176725
2,8.419922
10,7.990316
3,8.229537
1,6.944365
7,8.382978
9,8.750221
10,7.348883
13,8.805663
0,7.225791
3,7.407865
7,8.077516
1,7.76149
7,8.360436
7,8.397797
7,8.204757
4,7.908309
2,7.71778
0,6.889491
9,8.428035
0,7.03487
9,9.30733
6,8.034075
12,8.809003
14,8.750585
5,8.049718
9,7.643378
17,8.737758
3,8.088013
9,7.46266
14,9.044673
13,8.57452
9,8.670774
10,8.489567
9,8.276394
9,8.137032
14,8.491002
7,8.549814
16,8.763792
8,7.719452
13,7.653388
9,8.154163
5,7.75418
15,8.643931
9,8.678559
11,8.969029
9,9.176302
4,8.756945
5,9.000365
9,9.590597
0,8.075236
3,8.759057
0,8.107349
0,6.747688
5,8.144873
5,8.057293
9,8.56659
10,8.520534
9,8.770662
13,9.396647
3,8.696142
5,7.976451
4,8.102162
12,8.766203
14,8.074547
13,9.033596
12,8.980546
9,8.442393
10,8.828743
10,9.140367
6,8.56193
10,9.335893
15,8.910576
11,8.772586
9,8.343797
9,8.867898
9,8.823074
9,8.849449
9,9.316914
12,8.808056
5,9.214515
9,9.227966
12,9.1436
10,8.76032
13,9.102651
14,8.917684
15,8.684061
5,8.557381
9,8.90554
11,8.880475
9,9.191514
9,8.070367
9,8.788641
9,7.979677
5,8.76026
13,8.931273
5,7.292453
9,8.138367
11,8.8251
10,7.974349
12,8.563473
5,9.050258
9,8.355984
0,7.014618
15,8.311635
9,8.897959
7,8.098678
12,8.080159
9,7.506469
3,8.034287
9,8.454981
15,8.123862
0,7.103265
3,7.241915
4,7.736289
10,8.920937
9,8.533916
3,8.672848
10,8.170794
9,8.958181
14,8.098365
9,7.947888
14,8.194098
9,8.483525
12,8.546232
3,8.554664
5,8.753502
12,8.904778
9,8.784016
9,8.838147
9,8.629305
9,8.920079
10,8.871964
9,8.738734
10,8.437662
9,8.34679
12,8.396707
12,8.900812
3,8.249514
12,8.609449
9,8.579292
9,8.934515
8,8.638078
10,8.568426
9,8.829311
15,8.413183
9,8.665074
0,7.762127
10,8.917319
9,8.669732
12,8.497655
10,8.752994
12,8.67694
9,8.711077
5,8.918998
13,8.154441
9,8.233462
9,8.664152
11,8.720007
5,8.078754
11,8.490523
9,8.785393
9,8.709277
10,7.752157
9,8.537355
0,7.871183
9,8.180268
5,8.579754
10,8.647164
8,7.982419
4,8.800362
5,8.23755
7,8.256809
9,8.591083
11,8.535499
12,8.692904
8,8.263451
9,8.617769
9,7.942807
9,8.620132
15,8.422092
8,8.150832
8,8.826031
9,8.51677
10,8.826035
7,8.033751
9,8.253699
8,8.18967
3,7.745858
9,8.215456
9,7.823356
14,8.518349
10,7.966103
9,8.245879
14,7.276721
9,8.584215
3,8.457605
14,8.128758
13,9.00953
12,8.166947
9,9.036794
12,8.152017
4,7.296691
0,7.340741
12,8.047843
13,8.447398
13,8.587055
9,8.405417
8,8.370696
9,8.930081
4,7.847428
12,8.564954
13,8.258053
5,6.763063
11,8.182727
3,6.827951
5,7.971926
10,8.132911
11,8.085794
0,7.251871
3,8.651274
9,8.849467
5,8.154305
3,8.609669
9,8.874496
5,8.971269
0,8.335156
4,8.70872
6,9.023865
17,8.752235
9,8.46713
7,8.666201
10,8.755294
14,8.549448
12,8.472184
14,8.785074
13,8.063979
10,9.141659
2,8.873226
0,8.652879
10,8.383245
9,8.467079
10,8.869916
10,8.473008
9,8.78048
9,7.516603
10,8.263501
10,8.446589
4,8.648131
3,8.120832
12,8.614264
15,8.665243
2,8.115138
10,8.880284
10,9.041182
8,8.525968
0,7.638987
2,7.982687
8,8.56771
9,8.864354
5,8.142794
8,8.691557
9,8.104183
10,8.585469
9,8.593506
12,7.929003
13,8.54847
4,7.688223
9,8.580134
9,8.556426
15,8.610068
9,8.647906
4,8.054832
5,7.742294
4,8.732827
9,8.859172
7,7.787379
5,7.739434
9,8.371622
9,8.556681
14,8.105728
15,8.297495
11,8.705816
15,8.398471
7,9.159272
5,8.079682
11,8.674179
3,8.167191
3,8.497792
9,8.056808
13,8.679067
11,8.745378
9,8.30147
0,7.345372
5,6.634787
5,7.815546
3,8.116505
9,8.142013
16,8.287505
12,8.327285
14,8.019361
9,8.604815
15,8.689667
9,8.34155
0,6.934501
11,8.525544
15,8.932515
9,8.49542
9,7.98331
12,8.534408
12,7.838123
14,9.061514
10,8.046427
9,8.425298
0,7.675173
12,8.79944
12,9.01158
6,8.312563
3,8.178401
5,8.479577
7,8.799445
0,7.764757
9,8.34237
10,8.074992
5,9.183158
16,8.849962
0,8.773318
4,9.17376
9,8.615419
14,9.0534
15,8.639693
16,8.735824
1,8.529975
13,8.826052
10,8.760427
12,8.903852
5,8.649331
8,9.186374
13,8.367519
9,8.660272
1,8.295463
15,8.682488
5,8.554888
9,8.609144
11,8.694003
9,8.767215
5,8.685268
10,8.318048
15,8.575756
8,8.579625
5,9.23576
10,8.723722
13,9.847346
15,8.611925
9,8.801376
12,8.971475
0,8.974699
10,9.138093
12,8.835132
13,8.340977
9,8.769499
14,8.428865
16,9.08955
14,8.646155
14,8.972888
13,7.956005
8,8.95761
5,8.782139
9,8.409741
14,9.091911
7,8.976232
5,8.838554
15,8.590195
9,8.643081
9,8.650107
16,8.462679
6,8.209581
9,8.67992
9,8.361364
11,8.670574
9,9.101054
5,8.269157
5,8.491621
5,8.501207
9,8.987707
5,8.558557
4,8.681559
10,9.186825
10,9.096084
2,6.970518
15,8.846334
13,9.084193
9,9.22371
14,8.855381
3,8.447567
9,8.890286
5,8.902417
7,8.68243
4,8.325666
0,7.689365
7,8.717644
5,8.67264
3,8.616834
7,8.790778
5,8.766085
7,8.716187
9,8.658587
3,7.610435
2,8.728246
0,8.389539
9,9.157589
3,8.581571
8,8.497933
5,8.368184
5,8.405823
2,8.567101
7,8.633978
4,7.439558
8,8.444478
5,8.431694
4,9.203518
2,8.671467
8,9.136669
6,8.688231
3,8.551202
10,8.926902
9,8.402695
13,9.331613
9,7.813135
9,7.906514
9,8.863675
16,9.054294
11,8.312635
5,8.736213
11,10.09957
5,8.701734
9,8.58989
9,8.946168
3,9.199469
5,8.516671
5,9.114052
11,8.637369
6,9.335801
11,8.128829
6,7.850788
7,8.248346
10,8.91451
13,8.357066
9,8.637777
5,8.393968
3,8.164238
5,7.673829
9,7.919567
9,8.879929
2,8.198782
14,8.607795
17,7.84049
5,8.682068
9,8.27589
9,8.609488
5,8.581977
0,7.599958
11,7.950725
9,8.463048
0,7.72369
6,8.169888
10,8.053461
12,8.674342
13,8.398681
0,6.807285
10,8.3055
9,7.905526
5,8.074183
9,7.958917
13,9.066302
13,7.026117
9,7.809312
3,8.417996
14,8.055114
15,7.838663
16,9.483574
8,7.811278
5,7.679096
9,8.089311
9,8.230733
8,8.123526
7,7.17151
12,8.35441
8,8.149928
12,8.331107
13,8.378723
9,7.854852
5,8.826188
10,8.495394
8,8.525035
5,6.489496
3,8.397751
15,8.567237
9,8.305352
10,7.594553
10,8.701382
12,8.191133
12,8.285255
5,8.188662
10,8.434664
9,7.998308
12,8.391435
6,8.941785
11,8.108873
5,8.081355
9,8.434586
7,8.298872
12,8.372638
10,8.625094
9,7.672069
10,7.42562
9,8.535785
9,8.187545
9,8.61566
10,8.435539
12,8.889616
10,8.920197
9,8.196763
9,8.37708
14,8.624357
9,8.396182
10,9.000891
5,7.538178
10,8.880026
10,8.806965
5,8.070302
6,7.945496
9,9.103002
9,8.140293
9,7.842148
9,9.104003
9,8.614893
15,9.112785
10,8.449577
15,8.540111
9,8.989344
3,8.548167
11,8.321145
12,8.852322
8,8.670512
9,8.367244
5,8.373255
10,7.73366
15,8.473085
9,8.711724
9,9.099625
9,8.732904
9,8.7431
15,8.786809
9,8.174893
9,8.280602
9,8.609932
3,9.247624
13,9.1652
14,8.94513
14,8.517853
9,8.761828
10,8.562663
9,9.118385
8,8.407743
12,8.206362
10,8.775243
15,8.688632
15,8.795861
10,8.877439
10,8.506757
9,8.481828
15,8.405091
13,8.383872
15,8.743346
3,8.766503
9,8.810292
9,8.444438
3,8.582681
5,8.815301
2,8.235862
9,8.017802
5,8.87695
15,8.410576
9,8.439162
10,8.119803
4,8.405005
6,8.603996
15,8.371038
9,8.885458
3,8.622145
6,8.263394
5,8.418246
5,8.509861
8,9.224465
12,8.26606
4,8.433876
5,8.619267
9,8.692681
1,8.240369
3,8.229748
9,8.709646
4,8.237574
5,8.745746
2,7.959922
9,8.663207
5,9.319636
9,8.571896
3,7.847914
9,8.40506
2,8.050977
9,8.364028
9,8.910051
9,8.140712
12,8.633876
5,7.876706
10,8.834982
5,7.934422
15,8.99091
10,8.349706
3,8.019718
10,8.579597
12,9.101712
13,8.786187
9,9.192437
9,8.323307
7,8.313676
9,8.574278
9,8.843616
9,7.933485
3,8.755568
2,8.366862
13,9.032541
10,8.639229
9,8.863801
8,8.318214
14,8.483507
12,8.790102
12,8.495827
7,8.26846
3,8.6007
9,8.838657
9,9.494017
4,8.299827
7,8.527784
9,8.675197
4,8.572402
13,8.512602
9,8.287351
12,8.376682
8,8.226979
5,8.775631
15,8.537697
12,8.888862
3,6.989281
4,8.84784
5,8.826588
12,9.059945
12,8.61274
10,8.434331
2,6.844146
9,8.918889
10,8.816445
0,6.975817
4,7.279299
1,8.311324
9,8.737703
9,8.485029
0,7.34907
5,7.745935
15,8.742002
4,8.60662
4,7.347572
9,8.745334
9,9.248256
7,8.797576
4,8.797768
11,8.565743
3,8.856677
9,8.379479
9,8.716707
0,8.166326
9,8.615155
2,8.118891
8,8.810586
9,8.546327
9,8.858912
12,8.384229
6,8.682254
5,7.66923
9,8.595221
12,8.592245
5,8.489146
11,9.182576
3,8.697179
5,8.632588
2,7.263735
9,7.873501
9,9.163429
5,8.339193
7,8.427761
9,8.749104
9,8.500171
2,7.561594
9,8.783042
9,8.789083
9,9.11965
15,8.327362
8,8.491776
5,8.671983
2,8.008283
5,8.898227
3,8.661673
4,8.706721
3,8.662151
8,8.833737
8,8.631112
0,8.204174
0,7.520725
11,8.604511
5,7.757344
5,8.169847
0,7.95012
4,8.470579
5,9.279556
6,9.036546
6,9.199458
9,8.697455
0,7.90083
8,9.310942
0,8.704906
2,8.625342
6,8.780354
11,9.363952
0,7.291528
0,9.311743
10,8.290492
5,7.571132
6,8.396686
6,8.769111
10,8.817317
4,7.741584
9,9.021313
5,9.079483
5,9.014763
6,9.109159
5,8.893292
5,8.77335
8,9.25703
9,8.536172
6,8.971652
5,8.97331
2,8.188982
10,8.709487
9,8.961464
0,7.54068
0,8.940703
5,9.212708
2,8.134709
2,8.521709
12,8.821409
13,8.339138
3,8.003162
5,8.942578
3,9.419248
0,8.448494
0,7.922416
15,9.043977
4,9.0618
0,9.070648
9,9.0641
5,9.020269
2,8.077634
5,8.391821
9,8.488394
3,8.297317
6,8.794361
7,8.832188
4,8.477092
13,8.684289
9,8.511666
9,8.791866
3,8.149868
5,9.142456
6,8.258935
0,8.423086
6,8.584049
4,8.179751
5,8.062685
3,8.6336
5,8.779063
5,8.625348
0,6.852893
5,8.466194
9,9.191069
5,8.848496
5,8.758327
3,8.197611
9,8.302485
10,9.023197
2,8.824405
2,8.530441
5,8.964534
4,8.95944
9,8.677435
9,9.052337
9,8.387408
9,8.826487
9,8.466864
3,8.034165
2,8.454453
5,8.951913
5,8.421338
3,8.780613
4,8.737072
5,8.79247
3,7.849092
8,9.236879
9,8.549062
5,8.460452
9,8.779363
3,8.57009
4,8.91078
5,8.755328
12,8.401082
12,9.035596
5,8.128982
4,7.644786
9,8.535141
3,8.463333
9,8.490052
5,8.476133
4,9.211428
5,8.629636
0,8.703803
0,9.17947
4,8.271887
9,8.680932
0,8.487524
14,8.996932
9,8.763861
0,8.62573
0,8.07322
0,8.025882
0,7.955797
12,9.259227
4,7.935531
5,7.944911
2,8.948881
12,7.941181
9,8.613212
4,7.549919
5,8.40999
5,8.3805
0,8.274972
14,8.712768
5,7.887521
12,8.941538
15,8.346904
0,8.462328
5,9.039929
0,8.502308
1,8.80908
6,8.073318
5,8.123885
8,8.220345
4,8.803759
3,8.297318
5,8.819475
12,8.540163
12,8.350234
3,8.763262
5,7.774251
4,8.448839
5,8.265783
9,7.869109
9,8.748881
5,7.744008
6,8.426147
5,8.062551
6,9.160074
5,7.948784
9,7.705751
5,7.986613
5,8.973002
0,7.45784
2,8.287262
9,8.91915
0,6.489453
6,9.73972
5,8.516134
2,7.057872
3,8.343393
5,8.389949
3,7.271909
2,8.85386
5,8.461334
9,8.643057
0,8.634237
9,8.399244
5,8.562988
12,8.727983
4,6.517495
9,9.118156
6,8.614997
11,8.890238
8,8.420497
0,8.326263
9,8.150491
5,8.532291
2,7.278847
6,8.58752
2,7.868384
3,7.338429
9,9.036689
9,8.619852
8,8.711842
3,8.597327
9,8.824846
5,8.853019
9,8.208894
11,8.791032
3,8.125072
4,7.905813
5,8.680351
3,8.918757
4,8.291191
5,8.838059
5,8.782876
4,7.883838
3,8.935019
9,8.728632
5,8.803858
9,9.147299
6,8.462954
5,8.427669
0,8.975571
3,8.662045
4,8.421638
9,8.456893
5,8.183453
5,8.535356
3,8.403107
0,8.336269
0,7.78375
0,6.808382
0,8.201361
0,7.450355
4,7.786514
0,7.856784
0,7.903939
0,7.783737
3,7.90697
0,7.224986
0,7.427223
0,8.101759
0,7.75817
0,7.524851
7,8.047496
0,8.578558
0,8.472979
0,8.081737
3,8.414039
3,7.683566
0,8.034319
0,7.09398
10,9.029819
0,7.412416
0,8.21366
0,8.195746
0,8.044061
5,8.290319
5,8.382307
5,7.789162
0,6.873915
0,7.939028
6,8.789039
11,8.762956
0,8.234473
11,9.586557
9,9.528631
3,8.147625
12,8.651003
3,8.994839
0,9.122729
8,8.331297
2,8.89525
4,9.052478
16,9.010695
3,8.588199
5,8.647764
5,9.371385
7,8.743923
0,7.402165
12,8.664436
15,8.713045
10,8.672871
4,8.392813
15,8.938699
9,8.32186
9,8.668271
14,8.62361
0,8.64633
5,8.785696
3,7.932094
12,8.474817
9,8.44291
4,8.799255
9,8.499404
13,8.47783
5,8.366043
7,8.309216
7,8.296932
3,8.058293
5,9.152973
6,8.890756
8,8.510475
12,9.069274
7,8.046681
2,8.37009
0,6.904022
12,8.160767
4,8.555142
8,8.759954
8,8.626697
10,9.017927
10,8.510872
11,8.463745
4,8.09205
5,7.296962
9,8.533762
2,7.87835
6,7.880509
9,8.663355
6,8.486816
12,8.315643
4,8.491562
8,8.752542
4,7.663225
5,8.401756
0,8.574761
4,8.582303
0,7.285531
0,8.525846
15,8.718307
3,8.547541
5,8.562159
2,9.052807
5,8.405193
1,7.709815
12,9.485238
9,8.750911
14,8.632028
5,8.620893
7,9.074352
4,9.195392
3,8.372265
8,8.477107
9,8.590337
3,8.926053
6,9.085778
5,8.30173
5,8.733974
0,8.740955
9,9.421405
6,8.750636
5,9.184322
2,7.616006
4,8.867774
9,8.572964
3,8.963545
5,8.421538
15,8.779079
5,9.078176
3,8.591669
3,8.582406
3,8.2661
4,8.433988
3,9.021245
5,9.005865
10,9.273722
7,8.616669
5,8.762053
9,8.598599
4,8.586505
10,8.677856
8,8.509798
2,8.79078
12,8.449594
0,8.559155
9,9.815409
7,8.991685
15,8.894022
5,9.451529
8,8.359123
4,8.624033
5,9.066353
4,8.769156
5,8.991002
0,7.341372
0,8.898462
9,9.416071
10,8.655812
9,8.770733
12,8.57259
5,8.722782
9,8.487989
7,8.479855
1,8.017536
0,7.23037
5,8.593693
9,8.752645
3,8.545267
9,8.534553
5,8.15797
5,9.022496
0,8.693229
6,8.412484
2,7.790687
3,8.596179
2,8.726529
3,8.953338
5,7.453015
4,8.631285
3,8.830939
5,9.172906
0,6.356364
5,8.03642
0,7.820582
5,7.904595
8,8.134072
2,7.838202
2,7.676132
9,8.789637
5,7.796041
0,8.090405
0,7.969058
0,7.653015
4,8.115522
0,8.205438
7,8.603705
0,8.115925
0,8.264483
0,8.190104
10,9.124471
0,8.060777
4,8.108026
4,8.371197
2,8.106267
10,9.199887
0,8.413157
9,8.301886
1,7.712967
2,8.182095
0,7.819172
0,8.4189
9,8.049195
2,8.372558
3,7.968925
0,7.384754
0,7.831213
3,7.605371
0,8.420755
2,8.193003
5,8.692257
14,9.329189
0,8.054891
14,8.533214
2,8.219618
5,9.022596
12,8.503441
4,9.017205
5,9.09409
1,8.722956
5,8.223596
2,9.191824
2,8.798368
3,9.119086
7,8.646331
9,9.081222
5,9.011056
6,9.227169
3,8.373631
9,8.128531
2,8.74319
9,8.806326
5,8.818527
6,8.978435
2,7.910829
0,9.020221
11,9.135547
9,8.946107
6,8.709835
5,8.672671
11,9.431642
0,6.988685
2,8.107098
5,8.924656
4,9.20799
3,8.616655
2,8.876889
9,8.711308
4,8.053327
5,7.652347
9,8.306236
3,8.829613
4,7.189834
9,9.290907
5,7.543529
2,8.301972
12,8.960387
7,7.522378
0,7.611954
0,8.46615
3,7.956749
0,8.811756
0,8.013111
6,7.825159
5,8.579436
0,8.398802
2,8.867482
0,8.789101
5,7.954101
0,8.411807
0,8.483979
2,9.232153
0,8.181824
2,7.883404
5,8.953049
2,7.392664
5,8.571748
3,8.608404
3,8.068543
5,8.388766
5,8.558522
11,9.156868
12,8.752794
8,10.14808
9,9.166667
9,9.159208
2,8.315392
3,8.875953
3,9.635799
9,9.264085
5,8.566386
9,8.804706
5,8.253849
3,8.166659
5,9.230158
8,8.74017
2,9.453658
10,8.815617
5,8.866863
2,9.184629
7,9.480125
5,8.937321
6,8.786645
7,8.618114
12,8.913159
3,8.632614
2,8.678904
9,8.735665
2,8.460868
2,8.59387
5,8.83373
3,7.777223
2,8.060339
3,8.103417
5,8.009377
3,8.908104
4,8.930714
5,8.970477
9,9.00878
5,9.181454
5,8.806243
7,9.027911
3,8.114226
2,9.068465
9,8.975258
3,8.968076
5,9.266809
5,8.642591
4,8.831231
5,8.756302
0,8.854627
6,8.75089
4,8.899201
3,8.582877
10,8.742623
4,8.947838
0,7.899085
1,8.001571
3,8.026038
3,8.105262
0,7.82216
0,7.316362
1,7.925118
0,7.972635
0,8.212363
0,8.012344
3,8.286959
0,7.79876
5,9.213522
0,8.146118
3,8.2005
1,8.193566
0,8.61492
5,8.243519
5.75,9.248384
5,8.249561
0,7.59982
1,8.041195
3,9.561305
5,8.327234
2,8.951135
2,7.291923
0,8.175711
0,8.198189
0,7.71903
1,7.996696
9,8.698248
7,8.178761
2,8.331676
6,8.935494
10,8.661155
9,7.896564
9,8.769973
5,8.684999
9,8.80438
9,8.807901
0,9.144463
2,8.390067
5,8.911847
14,8.193963
12,8.278945
9,8.589889
7,9.155544
6,8.894413
1,8.819118
11,8.822072
2,9.464858
0,8.206544
4,8.588855
15,7.948015
6,8.720741
6,8.666089
7,9.350851
5,8.622111
5,8.821139
4,9.105298
8,8.958477
9,9.654052
9,10.66359
3,8.036551
7,7.016957
7,9.240282
15,9.276576
15,8.68779
9,8.462583
4,8.634175
3,8.897544
9,8.23288
7,8.570833
5,8.89451
8,8.908639
9,7.979844
0,8.663201
0,8.346797
0,8.116924
0,8.2019
0,7.622935
0,8.131042
0,8.564552
0,8.237052
0,8.036358
0,8.336661
0,8.502407
0,8.366251
0,8.372298
6,8.31123
0,7.596541
0,7.841199
8,8.224338
0,7.948773
0,7.802948
1,8.358099
3,8.564845
0,8.031096
0,8.154773
0,8.86938
2,8.36246
4,8.322774
0,7.974201
0,8.438361
6,8.334807
0,8.191147
4,8.324332
5,8.306926
6,7.890659
0,8.449372
0,8.605858
0,8.7121
2,8.404439
3,8.555765
0,7.606143
3,8.342264
0,8.492838
3,9.589028
5,8.237314
5,8.676471
0,7.886825
0,8.509171
9,8.149872
5,9.649921
9,8.352345
5,8.27859
3,8.724549
5,8.879393
5,8.709497
2,7.148855
4,9.24545
12,8.756847
9,8.727334
12,9.013828
12,8.787501
6,8.581014
9,9.073996
9,9.10883
11,8.943332
5,8.676448
4,8.696304
7,8.066096
5,8.947016
5,9.373254
12,8.900275
3,8.93028
14,8.444221
6,8.774717
11,9.08089
12,8.740343
7,8.262969
4,7.943753
4,8.621385
5,8.419222
5,8.65793
13,8.600697
2,8.269192
8,8.904403
7,8.684507
11,8.528819
6,8.878269
11,8.745185
7,8.648786
8,8.918392
3,8.38247
7,8.376465
5,8.978238
0,6.771185
8,8.395649
9,8.368118
2,7.707348
6,8.620521
9,8.421419
7,8.926487
3,8.526414
10,8.797595
9,8.64114
6,9.094085
7,9.271022
5,8.467457
2,8.563431
9,8.729995
10,8.839492
14,8.211251
4,8.018431
11,9.028072
5,8.357846
6,7.348121
11,8.658659
11,8.948215
9,8.443857
8,8.198253
7,8.811541
15,8.764306
6,8.462794
10,8.247659
15,8.459867
11,8.783325
13,8.451476
9,9.073847
8,8.267794
9,8.572809
9,8.832191
10,8.881056
9,8.584078
5,8.374048
8,8.672337
11,8.437512
9,7.764323
9,8.034816
7,8.084311
9,8.976844
9,8.727195
4,9.218522
10,9.115824
12,8.711612
7,8.000574
10,8.736933
8,9.006262
12,7.952194
5,8.994154
3,7.215096
9,9.013586
10,8.65292
15,8.446476
2,8.252818
7,8.35894
0,9.382643
6,8.285131
5,8.74694
0,7.710763
3,9.116376
5,8.729538
10,8.544057
6,8.591186
7,8.594458
8,8.501062
6,8.629346
0,7.342525
9,9.038297
9,8.546418
7,8.470265
6,8.575416
5,9.107367
9,9.240925
11,8.332863
4,8.954233
8,8.998816
5,9.158872
15,8.957639
7,9.158222
12,8.750791
9,9.206972
4,8.700779
7,8.305579
9,8.836352
4,9.112162
4,8.122031
7,9.285731
5,9.237595
8,9.119544
11,9.346383
6,8.745226
6,8.739803
3,9.1192
7,8.696344
5,9.03402
7,9.900158
5,9.509275
2,8.801645
8,8.814369
5,9.092626
7,9.234742
5,8.367917
5,9.173089
12,8.825492
9,8.112284
0,8.849096
9,8.506445
6,8.456987
9,8.257709
2,8.511609
5,7.954525
5,8.482128
6,8.411709
3,9.10301
2,8.41029
8,8.92886
10,8.926642
14,8.267058
12,8.723425
12,8.306887
5,9.016589
10,8.331203
9,8.4113
12,8.639446
9,8.663489
7,9.167181
9,8.901132
12,8.62264
3,8.596991
9,9.026921
4,9.484968
5,8.739187
10,8.53209
6,8.169186
7,9.416528
10,8.444504
7,8.572822
5,8.861484
9,8.807411
12,8.963541
11,7.994979
5,8.255106
9,8.753933
10,8.944977
6,9.101246
3,9.164238
0,7.515953
4,8.317857
5,8.274913
6,9.057684
9,7.643364
7,7.93054
5,9.08644
2,9.040094
9,9.050314
4,9.267222
10,8.512363
9,8.510321
15,8.384446
8,8.49067
13,8.659472
14,9.164765
12,8.58721
0,7.517691
10,8.588644
0,8.350229
8,8.880358
8,9.215639
5,9.113541
4,8.830647
3,8.661389
0,8.62254
0,7.804534
2,8.877136
3,8.597152
0,8.368869
3,8.932785
0,8.922748
1,8.874972
6,8.653465
0,9.279414
0,8.497138
0,8.401393
5,7.727906
6,8.555014
0,7.999754
1,8.35428
4,8.385618
0,7.822098
0,7.977588
0,8.135188
0,8.611893
0,9.035769
7,8.59644
5,8.782305
0,8.107092
12,8.971685
4,8.944459
2,8.865205
1,8.671998
4,9.03266
1,8.650131
7,8.874214
6,9.198965
4,8.951948
9,8.508401
4,9.179061
9,9.140436
13,9.347358
9,9.654368
0,8.698901
5,8.923699
8,8.456765
12,9.259019
10,8.708472
15,8.9155
7,8.660062
6,8.9498
5,9.167991
4,8.839458
0,8.714076
9,9.719316
2,8.774864
5,8.892312
9,8.804488
9,8.677645
14,9.706032
3,9.220563
4,8.164532
7,8.760345
3,9.116666
4,9.138186
8,9.458497
2,9.088402
0,8.931449
1,8.822274
3,8.368735
5,8.505528
8,8.86737
10,9.341377
4,8.21508
0,7.722757
2,8.985039
0,8.432338
3,9.619531
0,8.337219
2,8.911121
0,8.429005
3,8.730482
0,9.003046
0,8.327188
2,8.588476
0,8.467771
4,9.179599
3,8.718813
5,8.800324
5,8.999393
2,9.212465
4,9.734041
13,9.819562
5,8.951587
2,9.606713
6,9.185629
5,8.980359
5,9.526069
5,10.10898
11,8.993475
6,8.563398
8,9.025393
6,9.591142
14,9.473185
8,10.45015
4,9.151003
12,8.963429
5,8.79893
9,9.511956
0,9.148539
5,9.250998
0,9.232214
2,8.938716
3,7.174908
8,9.413651
12,9.21262
13,9.104864
0,8.185738
9,9.451662
8,9.70912
6,9.701436
7,9.467733
2,9.738551
2,8.861116
0,8.827253
10,9.300492
3,7.878125
1,8.860103
3,8.896971
8,8.920694
3,7.677843
5,8.836218
9,9.061231
3,9.278607
13,8.519076
5,9.30102
0,9.211706
3,8.503181
5,8.983963
2,7.927421
0,8.748078
2,8.993423
13,9.149618
5,9.37826
1,9.375488
13,8.887775
3,9.323569
12.66667,9.418382
8,8.964041
15,9.275736
9,9.831897
5,8.997281
1,7.864595
0,7.12129
4,8.808242
6,8.242888
2,8.920417
13,9.113959
9,8.710384
0,9.100039
3,9.053876
3,8.775618
2,7.255766
0,9.096053
0,9.658473
12,9.346902
13,8.790368
0,8.428314
6,9.768308
4,8.46955
2,9.057359
2,8.825359
13,9.539378
8,9.025652
5,9.228601
3,9.120831
8,8.606398
2,8.449162
7,8.972294
5,8.475796
0,9.185303
1,8.324099
3,8.516026
0,9.118111
9,8.989879
15,9.53746
3,9.542705
15,9.149383
7,9.352928
15,9.248031
16,9.602641
13,8.566597
4,9.237743
7,8.902966
5,9.035514
10,8.448665
15,9.474181
12,8.864056
11,9.234723
5,9.641212
15,9.648688
3,8.926681
3,8.32602
4,9.340276
5,9.028923
4,9.165789
10,9.279823
4,9.266996
1,9.2496
0,9.059164
11,8.960823
5,9.098744
0,9.322684
6,9.022031
12,8.932019
6,8.679373
6,8.538544
9,9.159613
14,9.20467
2,9.293209
7,8.773601
2,8.927854
5,8.705195
6,8.630907
9,9.208901
1,9.059614
5,8.507482
11,9.077745
9,9.10701
5,9.377782
9,8.577859
5,8.556263
5,8.687029
0,8.906201
7,8.525161
5,9.404982
0,8.808802
11,10.28891
0,9.099895
5,8.275581
7,8.930408
5,8.222059
4,8.22102
8,7.643147
3,9.699761
5,8.994117
5,7.954665
5,8.373209
5,9.446003
0,8.657485
7,8.231349
3,8.756016
12,9.204108
5,8.52597
9,9.260399
15,8.849353
9,8.837488
3,8.280941
9,8.989552
15,8.743289
0,8.746869
2,9.391429
4,8.136135
2,8.364076
0,7.970969
3,8.195047
2,9.346828
2,9.096383
4,8.298399
4,9.251623
5,8.678497
4,8.968327
5,8.798595
3,8.846708
7,9.237532
6,9.074581
5,9.027965
4,8.551122
5,9.160144
0,8.055291
0,8.646103
5,8.264715
5,8.928102
0,8.56103
2,8.748745
6,8.886998
3,9.201815
3,8.861588
0,8.638829
10,8.496349
5,8.780836
4,8.695221
2,8.952361
1,8.899216
7,8.854888
3,9.163758
3,7.79987
5,9.094283
15,10.58266
4,9.652542
15,9.301124
4,8.110826
6,8.730531
9,8.41792
4,8.630048
3,8.859969
0,7.46755
8,9.001917
16,9.325934
6,8.994091
4,8.281113
3,9.241001
3,8.851063
9,9.533285
7,9.070506
4,8.121873
2,9.469973
3,8.890893
3,8.33599
6,9.131755
5,8.244841
0,8.08472
1,8.697186
4,8.487887
3,8.818629
12,9.043813
6,9.533735
11,8.848801
2,9.130564
4,8.419041
0,8.508571
8,8.714191
5,8.848234
7,8.692439
12,9.606227
8,9.34045
8,9.039403
5,8.880398
8,9.70902
11,8.822624
9,9.042693
0,7.398612
4,9.1368
0,7.646873
5,9.404546
9,8.211041
5,8.72194
5,9.126446
10,8.557013
0,8.923655
11,9.19736
5,8.885275
7,9.839983
9,9.362351
16,8.503651
10,8.724925
11,8.778914
2,8.872858
7,9.595568
11,9.304956
8,9.103369
6,9.534822
11,8.980913
6,9.85153
5,9.070556
8,9.191519
0,9.243676
5,9.173993
14,9.094179
11,9.214177
6,9.777172
3,8.451232
10,8.436623
6,9.69037
14,9.776335
6,8.434396
7,9.53212
1,8.174554
4,8.91083
9,9.449296
5,9.087005
6,8.68473
5,8.719171
15,8.929829
8,10.43491
2,8.524641
5,8.676109
2,8.76244
2,8.511398
7,9.247074
4,8.711536
3,9.02976
17,8.125693
3,8.580173
4,8.626555
7,8.860281
7,10.09373
0,8.454318
7,11.38385
4,9.165587
4,8.480614
3,9.363397
5,10.25176
0,8.308585
0,9.020492
8,8.687735
0,9.566689
4,9.229679
16,9.323297
6,8.731388
5,8.771518
6,9.658504
2,9.530989
10,9.453511
7,8.833216
5,7.901789
4,8.791583
0,7.905361
12,10.00017
5,9.588088
5,9.755045
9,9.829272
0,9.051881
7,9.043607
11,9.053533
5,9.021777
9,9.418548
0,8.4537
10,9.275004
10,9.459745
12,8.816303
6,9.228148
7,9.538022
2,9.778227
0,8.315476
3,9.063602
2,8.726043
3,9.093282
2,8.67734
2,8.34123
6,9.368028
3,8.696313
7,8.319184
5,8.951284
3,8.271482
0,9.467047
10,9.030222
10,9.117045
3,8.85806
9,9.600286
5,7.760998
6,9.024224
10,9.419796
9,8.493989
7,9.232762
5,8.901641
9,8.730503
7,8.92909
9,8.969069
3,8.180561
2,8.402642
10,9.466802
4,8.534058
0,8.956395
5,9.070837
8,9.127194
9,9.220539
9,9.222386
5,8.235448
3,8.38319
3,7.484778
0,8.689548
3,9.389997
0,7.704405
3,9.527111
11,9.146098
5,9.124609
0,7.910551
0,7.953948
8,9.667198
9,8.146674
3,8.945744
2,8.315363
4,9.508434
6,8.874269
2,8.994747
8,8.674568
7,8.530201
5,8.302706
6,8.029967
3,8.702163
11,8.717716
4,7.280355
10,8.845024
9,9.155965
3,7.747737
0,8.812833
5,9.195271
2,8.945881
5,9.114202
5,9.033083
7,8.544654
11,9.23919
12,9.109328
0,9.272757
9,8.680587
11,8.870509
2,8.18934
12,9.014789
9,8.444917
9,8.22199
9,9.04659
5,8.870894
5,8.427023
3,8.790636
0,8.966056
9,9.302167
9,8.378874
6,9.159194
12,9.259505
4,8.315912
2,8.539941
5,9.236511
0,9.029672
0,8.732627
5,8.398113
7,8.023562
4,8.161326
5,9.893044
5,9.187425
8,9.678279
7,9.48248
4,10.06447
5,8.605196
3,8.586617
5,10.36368
5,9.642495
0,8.097611
3,9.194294
10,10.33464
5,8.87128
9,9.686076
12,9.08733
11,8.507635
5,8.872318
5,8.810036
5,8.285669
1,8.050687
3,8.170145
5,8.75668
0,8.644906
0,8.742847
3,8.249453
6,8.449127
4,7.760561
0,7.31008
4,8.614534
4,8.82227
2,8.487124
5,7.835202
3,8.649486
2,7.957313
2,8.198522
3,8.914648
9,8.367748
1,8.62718
5,7.199018
2,8.388418
0,8.748392
5,8.616004
2,8.34028
5,8.677343
2,8.916903
0,8.343451
2,8.078476
0,8.08812
5,8.866714
5,8.256521
9,8.917982
7,8.681678
4,8.176455
0,7.564153
12,8.168273
11,8.475389
4,8.886181
10,8.614821
2,8.221503
2,7.878421
0,8.413063
10,8.794589
4,8.948833
11,8.661309
3,8.416718
4,8.130965
0,8.130478
3,8.325613
3,8.38952
0,8.314535
5,8.340519
14,8.84894
5,9.024175
0,8.683692
3,8.995666
5,8.821501
5,8.67786
8,8.677302
5,8.050381
6,8.899238
3,8.729894
5,8.470914
4,9.247519
5,8.11323
4,7.955766
15,8.666975
2,7.759236
1,8.893935
10,8.919829
10,8.823107
9,8.631153
5,8.241269
5,8.55279
6,8.105318
9,8.743639
9,9.045079
7,8.495119
0,8.635091
6,8.148054
4,8.507644
3,9.066205
3,8.461121
3,8.449504
7,9.098489
9,8.74453
9,8.087237
0,9.568767
9,8.140457
6,8.381721
0,8.623614
3,8.918268
6,8.146498
3,8.48681
1,8.668957
5,8.44028
0,7.920046
12,8.792586
6,8.170262
9,8.280824
2,8.372931
5,9.061085
6,8.712271
0,8.953197
0,8.246907
15,8.725527
12,8.512796
5,8.22725
0,7.887875
5,8.983125
3,8.512722
4,8.649932
6,8.473984
8,8.487877
1,7.294113
5,8.457345
5,8.591523
14,8.453182
7,8.658479
0,8.233785
4,8.835012
2,8.433852
2,8.323312
5,8.667519
3,9.339389
5,8.489914
9,8.94426
10,9.267497
0,8.905314
4,8.216344
8,9.096601
12,8.261518
4,8.932451
12,8.842606
3,8.763414
5,8.445154
0,8.648023
4,8.382597
11,8.832518
9,8.258994
5,7.5931
8,8.275399
7,8.438286
7,8.312634
4,8.949533
9,7.929969
0,7.970781
12,9.393749
12,8.868893
6,8.719654
13,8.742176
10,8.228634
7,9.087972
10,8.009048
12,9.155943
6,8.39879
2,8.875196
9,8.476561
7,8.464313
4,9.202207
3,8.049567
15,8.873656
3,9.080878
0,8.748634
3,9.356301
5,9.909822
3,8.748877
3,9.052078
4,8.686706
4,8.355872
3,8.378554
7,8.703336
4,8.042275
4,9.131483
2,8.881354
2,8.807291
4,8.980354
3,8.198976
17,9.104403
9,8.500707
4,8.872727
7,8.41573
6,8.317842
4,8.618096
5,8.400725
3,8.378079
9,8.635051
6,8.376378
2,7.910573
1,9.104582
2,8.001786
0,8.166984
6,9.19105
9,9.04445
2,9.107513
2,9.093989
5,8.502303
3,8.983125
4,8.209782
2,8.471354
0,8.072991
4,8.398766
9,9.007654
14,8.690039
3,9.258977
4,9.150725
7,8.576754
5,9.472077
2,8.557508
12,9.254251
2,9.262765
5,8.563152
4,9.03085
3,8.541394
5,9.287564
2,7.7296
9,8.577924
0,9.118595
9,8.207318
12,8.976088
9,8.285933
9,8.598751
4,8.341944
3,8.218921
3,8.347461
0,8.853856
3,7.896039
4,7.490325
2,8.810603
2,9.129458
3,8.658944
4,8.549397
5,8.638031
7,7.931298
9,7.887609
10,7.709718
0,8.527847
7,8.764135
0,7.187697
0,9.007137
2,8.367122
3,8.796474
10,8.109454
4,8.55426
8,8.519477
6,8.746942
5,7.608798
4,8.499932
9,8.880374
1,8.098033
7,8.316588
0,7.910285
6,7.765353
5,8.403887
2,9.064556
6,8.394765
2,8.360483
3,8.869849
4,8.541076
6,8.768619
10,8.606003
2,8.060322
0,7.941375
12,9.219662
5,8.734593
3,9.010383
5,7.978367
5,8.47874
5,9.064186
4,7.621766
9,8.038792
7,8.343959
0,8.108338
3,8.264049
3,9.838752
9,8.252634
4,8.371665
5,8.952284
0,8.894202
9,9.300996
5,8.372773
12,8.574348
4,8.823009
8,8.10902
1,8.722127
3,8.202478
3,8.401574
4,8.165639
3,8.44735
4,8.653699
3,8.568116
2,8.515338
3,8.552123
5,8.742101
2,8.564985
4,8.366125
10,8.998216
9,8.785606
0,8.52459
9,8.466767
4,9.124332
6,8.909343
2,8.379272
2,9.049247
4,8.582176
4,8.269691
3,8.80353
9,8.914061
4,8.928823
10,8.263074
10,8.48965
2,8.532529
3,8.545531
5,9.657478
7,8.769166
2,8.972672
9,8.462972
0,7.794555
9,8.430079
3,8.04233
5,8.273314
4,8.49388
3,8.672756
5,8.879543
9,8.655998
8,8.541856
9,9.012264
3,8.145031
3,8.323763
2,7.89119
9,8.617702
2,8.626229
4,8.817744
9,8.270878
2,8.375881
2,7.304392
3,8.730418
15,8.083266
4,8.657317
6,8.539318
8,9.254784
9,8.510459
5,8.451543
12,8.546506
4,8.622959
14,8.716806
12,8.729783
9,8.537094
6,8.777167
6,8.553196
3,8.477476
12,8.244531
5,8.534655
9,8.756939
6,8.245127
12,8.611794
5,9.24009
7,8.486878
12,8.255824
6,8.582134
9,8.426859
12,8.774981
3,8.633429
6,8.8597
17,8.67592
4,8.981249
3,8.824514
0,8.65253
7,9.231093
10,8.600749
15,8.700168
4,9.009758
5,8.601326
4,9.015822
9,8.938197
0,8.642789
8,8.855208
0,8.244224
3,8.925101
10,8.052498
3,8.328157
2,8.358041
8,8.075851
9,9.016932
2,9.899161
11,8.449802
2,8.897228
2,8.622178
4,8.621149
3,8.118467
4,7.755939
5,8.471866
11,9.330988
5,8.670867
2,9.094187
4,8.839701
4,9.739537
6,8.971962
4,7.356586
10,9.325377
12,8.865597
4,8.729682
0,9.149426
9,9.028033
11,9.166925
1,9.55736
14,8.410688
15,9.118804
10,9.059059
3,9.09145
8,8.865262
15,8.718854
0,7.882408
5,8.869993
6,8.706575
5,8.2156
3,8.83983
5,9.061237
7,8.521078
1,8.325374
3,8.99889
3,8.403991
6,8.971331
5,9.098627
0,7.770589
9,7.971898
4,9.096128
12,8.401239
3,7.568639
6,8.272742
7,9.28562
4,9.114956
3,8.10223
3,8.549461
3,9.282641
5,9.17197
9,8.236588
5,8.169363
0,8.443883
3,8.802912
6,8.751528
3,8.786573
3,8.704708
9,8.927064
5,8.568505
2,8.34334
4,8.991548
5,8.485412
4,8.71352
3,8.269834
7,8.869118
4,8.581413
3,8.817598
5,7.882482
13,8.521949
12,8.926454
5,8.640409
6,8.611358
5,7.899818
3,8.420125
4,8.643166
5,8.647591
5,8.069627
3,8.903251
5,8.655249
3,8.590735
3,7.861718
9,9.134988
10,8.783051
3,8.411733
4,8.955698
2,8.73925
5,8.911016
2,8.480145
2,8.613506
6,8.567114
10,8.110013
9,8.775642
0,7.270159
7,8.311233
0,8.633583
5,8.479179
6,8.372719
0,8.336438
0,8.364295
6,8.29106
0,8.083307
0,7.959923
4,8.330982
0,8.232806
6,8.522984
4,8.778891
0,7.119858
9,8.349187
5,7.972579
5,8.532139
4,8.486468
0,8.432259
5,8.45283
0,8.337561
0,7.745088
0,7.705104
3,8.83058
5,8.40623
7,8.744983
5,8.776877
0,7.966917
5,8.849161
5,9.348765
8,9.673536
4,8.833149
9,9.286311
0,8.776852
8,8.786901
5,9.527863
5,9.577001
1,9.163791
0,9.255774
2,9.180521
12,9.071162
1,9.009138
12,9.211321
4,8.420025
6,9.258007
5,9.237457
0,9.098898
2,9.012515
0,9.173462
0,9.014041
5,8.991444
4,9.112134
0,7.997599
0,9.050208
4,8.942745
0,8.932604
3,9.684609
0,9.078246
10,9.259522
5,8.862437
6,9.149881
5,8.911485
0,8.286234
3,9.419782
4,8.667982
9,9.288241
7,8.994596
1,8.439757
2,8.685402
11,8.525658
5,8.212468
5,9.270713
3,8.740588
5,9.094887
7,8.689195
0,9.054117
6,7.80651
0,8.706802
10,9.101922
0,8.476332
3,9.545649
2,8.608061
5,9.168678
5,8.436588
0,9.028138
0,9.303177
0,8.533504
0,8.639411
2,8.758568
17,8.867303
0,9.005211
4,8.920795
5,9.244763
5,8.766046
5,9.417146
3,9.617245
0,8.553037
2,8.623471
4,9.044208
0,8.460384
0,8.565382
2,8.761702
6,8.749926
0,8.504379
2,8.849782
0,7.945837
3,8.957762
3,9.058036
9,8.434234
0,9.015542
0,9.072644
3,9.197044
0,8.304406
2,8.662811
4,8.792244
2,8.344939
4,9.052525
0,8.775522
2,8.824124
2,8.296943
3,8.726718
5,8.930037
4,8.454746
5,7.929487
2,8.48942
3,8.723109
7,8.733225
5,8.464549
6,8.243845
0,8.623707
0,8.940136
10,8.852265
2,8.448647
2,8.24426
5,8.610792
3,8.54641
3,8.578921
3,7.809719
3,8.664755
6,8.096371
4,8.837768
1,8.228687
9,8.500216
2,8.195549
5,8.487886
9,8.850481
3,8.431092
8,7.920246
1,8.997884
6,8.86141
8,8.834274
3,8.642054
2,8.000172
8,8.403482
0,8.816906
6,8.469511
3,8.685817
5,9.439098
4,9.000935
10,8.721232
2,8.222075
3,8.450607
2,8.570675
4,8.921374
5,8.889868
12,8.845669
4,8.399619
5,8.245605
5,8.808249
6,8.220915
5,8.935253
5,8.742265
12,8.694044
0,8.553944
2,9.154839
10,8.614117
1,8.886375
1,8.154087
4,9.07526
9,8.984789
5,8.490654
4,8.037672
2,8.859087
12,8.441068
3,8.95094
7,8.515871
7,8.806917
0,9.117849
4,8.579317
0,8.780538
10,8.823458
9,8.708678
0,8.862072
0,8.735072
4,8.06748
5,8.87572
3,8.801168
0,8.264057
3,8.656232
0,8.138916
3,7.958242
0,8.233489
9,8.430692
3,9.320569
7,8.850624
0,7.615361
4,8.84638
2,8.402528
0,8.283152
5,9.275391
0,9.104955
10,8.54854
6,8.240551
4,8.122997
5,8.139039
7,8.457749
3,8.087606
9,8.391646
11,8.499989
8,8.803705
4,9.189753
3,8.394868
0,8.491236
3,8.67406
0,6.98666
5,8.360847
3,8.996016
3,8.415079
1,7.923443
9,8.868728
8,8.330764
3,8.641792
5,8.847672
5,8.671488
5,8.587047
5,8.618128
4,9.171194
3,9.281182
4,8.323041
3,9.008754
2,8.677545
4,8.800244
8,8.749564
5,9.256032
3,8.934533
4,9.117886
4,8.896211
9,9.255325
0,8.062361
0,8.012876
3,8.321298
5,9.239678
5,9.200219
4,8.881496
4,9.000612
16,9.142081
4,8.884087
9,9.098342
8,8.641922
0,8.069456
4,9.295754
3,8.980781
3,8.861115
4,9.132574
4,9.213172
5,8.023426
4,8.455167
7,8.575822
4,8.688687
4,8.740304
9,8.472254
4,8.378022
3,9.172192
4,8.637758
3,8.616551
4,8.621359
8,8.640676
11,9.002494
6,8.869876
5,8.404507
9,8.714655
3,7.428144
11,8.294907
4,8.623178
0,8.614666
3,9.231385
3,7.969457
4,8.859567
3,8.87655
0,8.531657
6,8.862382
4,8.82215
5,8.689834
2,8.656549
3,9.025126
3,8.1532
5,8.950776
4,8.74735
3,8.911528
12,9.063639
3,9.293826
0,9.203721
5,8.81419
2,8.8668
3,9.302934
2,8.57757
2,8.548197
2,8.9268
4,8.700883
6,8.083344
6,8.926403
4,8.461908
3,8.446417
0,8.820734
9,8.871796
4,9.287855
4,8.677629
5,9.019844
5,9.102263
0,8.936961
4,8.721474
3,8.82283
3,9.230532
5,9.018484
17,9.009663
2,8.679193
5,9.088241
7,8.57162
8,8.936728
8,9.0027
5,9.482968
9,8.384345
0,8.712436
3,7.443664
3,9.023387
0,8.733724
0,8.479191
2,8.39774
5,8.962196
4,8.877752
10,8.734266
2,8.583037
6,9.130001
0,8.249589
4,8.558669
8,8.858996
3,8.632466
